10,6.333333333,1,16,170236.2,476050,,8.003082096,28563
10,6.333333333,1,16,,,,,
10,6.333333333,1,16,,,,,
10,6.333333333,1,16,,,,,
10,6.333333333,1,16,,,,,
10,6.333333333,1,16,,,,,
8,5.066666667,1,16,,,,,
8,5.066666667,1,16,16.66666667,,,,
8,5.066666667,1,16,,,,,
8,5.066666667,1,16,,,,,
8,5.066666667,1,16,,,,,
8,5.066666667,1,16,,,,,
13,8.233333333,1,16,,,,,
13,8.233333333,1,16,,,,,
13,8.233333333,1,16,,,,,
13,8.233333333,1,16,,,,,
13,8.233333333,1,16,,,,,
13,8.233333333,1,16,,,,,
17,10.76666667,1,16,,,,,
17,10.76666667,1,16,,,,,
17,10.76666667,1,16,,,,,
17,10.76666667,1,16,,,,,
17,10.76666667,1,16,,,,,
17,10.76666667,1,16,,,,,
13,8.233333333,1,16,,,,,
13,8.233333333,1,16,,,,,
13,8.233333333,1,16,,,,,
13,8.233333333,1,16,,,,,
13,8.233333333,1,16,,,,,
13,8.233333333,1,16,,,,,
6,3.8,1,16,,,,,
6,3.8,1,16,,,,,
6,3.8,1,16,,,,,
6,3.8,1,16,,,,,
6,3.8,1,16,,,,,
6,3.8,1,16,,,,,
21,13.3,1,16,,,,,
21,13.3,1,16,,,,,
21,13.3,1,16,,,,,
21,13.3,1,16,,,,,
21,13.3,1,16,,,,,
21,13.3,1,16,,,,,
10,6.333333333,1,16,,,,,
10,6.333333333,1,16,,,,,
10,6.333333333,1,16,,,,,
10,6.333333333,1,16,,,,,
10,6.333333333,1,16,,,,,
10,6.333333333,1,16,,,,,
13,8.233333333,1,16,,,,,
13,8.233333333,1,16,,,,,
13,8.233333333,1,16,,,,,
13,8.233333333,1,16,,,,,
13,8.233333333,1,16,,,,,
13,8.233333333,1,16,,,,,
4,2.533333333,1,16,,,,,
4,2.533333333,1,16,,,,,
4,2.533333333,1,16,,,,,
4,2.533333333,1,16,,,,,
4,2.533333333,1,16,,,,,
4,2.533333333,1,16,,,,,
19,12.03333333,1,16,,,,,
19,12.03333333,1,16,,,,,
19,12.03333333,1,16,,,,,
19,12.03333333,1,16,,,,,
19,12.03333333,1,16,,,,,
19,12.03333333,1,16,,,,,
10,6.333333333,1,16,,,,,
10,6.333333333,1,16,,,,,
10,6.333333333,1,16,,,,,
10,6.333333333,1,16,,,,,
10,6.333333333,1,16,,,,,
10,6.333333333,1,16,,,,,
15,9.5,1,16,,,,,
15,9.5,1,16,,,,,
15,9.5,1,16,,,,,
15,9.5,1,16,,,,,
15,9.5,1,16,,,,,
15,9.5,1,16,,,,,
8,5.066666667,1,16,,,,,
8,5.066666667,1,16,,,,,
8,5.066666667,1,16,,,,,
8,5.066666667,1,16,,,,,
8,5.066666667,1,16,,,,,
8,5.066666667,1,16,,,,,
13,8.233333333,1,16,,,,,
13,8.233333333,1,16,,,,,
13,8.233333333,1,16,,,,,
13,8.233333333,1,16,,,,,
13,8.233333333,1,16,,,,,
13,8.233333333,1,16,,,,,
17,10.76666667,1,16,,,,,
17,10.76666667,1,16,,,,,
17,10.76666667,1,16,,,,,
17,10.76666667,1,16,,,,,
17,10.76666667,1,16,,,,,
17,10.76666667,1,16,,,,,
21,13.3,1,16,,,,,
21,13.3,1,16,,,,,
21,13.3,1,16,,,,,
21,13.3,1,16,,,,,
21,13.3,1,16,,,,,
21,13.3,1,16,,,,,
2,1.266666667,1,16,,,,,
2,1.266666667,1,16,,,,,
2,1.266666667,1,16,,,,,
2,1.266666667,1,16,,,,,
2,1.266666667,1,16,,,,,
2,1.266666667,1,16,,,,,
4,2.533333333,1,16,,,,,
4,2.533333333,1,16,,,,,
4,2.533333333,1,16,,,,,
4,2.533333333,1,16,,,,,
4,2.533333333,1,16,,,,,
4,2.533333333,1,16,,,,,
2,1.266666667,1,16,,,,,
2,1.266666667,1,16,,,,,
2,1.266666667,1,16,,,,,
2,1.266666667,1,16,,,,,
2,1.266666667,1,16,,,,,
2,1.266666667,1,16,,,,,
17,10.76666667,1,16,,,,,
17,10.76666667,1,16,,,,,
17,10.76666667,1,16,,,,,
17,10.76666667,1,16,,,,,
17,10.76666667,1,16,,,,,
17,10.76666667,1,16,,,,,
19,12.03333333,1,16,,,,,
19,12.03333333,1,16,,,,,
19,12.03333333,1,16,,,,,
19,12.03333333,1,16,,,,,
19,12.03333333,1,16,,,,,
19,12.03333333,1,16,,,,,
2,1.266666667,1,16,,,,,
2,1.266666667,1,16,,,,,
2,1.266666667,1,16,,,,,
2,1.266666667,1,16,,,,,
2,1.266666667,1,16,,,,,
2,1.266666667,1,16,,,,,
2,1.266666667,1,16,,,,,
2,1.266666667,1,16,,,,,
2,1.266666667,1,16,,,,,
2,1.266666667,1,16,,,,,
2,1.266666667,1,16,,,,,
2,1.266666667,1,16,,,,,
2,1.266666667,1,16,,,,,
2,1.266666667,1,16,,,,,
2,1.266666667,1,16,,,,,
2,1.266666667,1,16,,,,,
2,1.266666667,1,16,,,,,
2,1.266666667,1,16,,,,,
6,3.8,1,16,,,,,
6,3.8,1,16,,,,,
6,3.8,1,16,,,,,
6,3.8,1,16,,,,,
6,3.8,1,16,,,,,
6,3.8,1,16,,,,,
19,12.03333333,1,16,,,,,
19,12.03333333,1,16,,,,,
19,12.03333333,1,16,,,,,
19,12.03333333,1,16,,,,,
19,12.03333333,1,16,,,,,
19,12.03333333,1,16,,,,,
21,13.3,1,16,,,,,
21,13.3,1,16,,,,,
21,13.3,1,16,,,,,
21,13.3,1,16,,,,,
21,13.3,1,16,,,,,
21,13.3,1,16,,,,,
13,8.233333333,1,16,,,,,
13,8.233333333,1,16,,,,,
13,8.233333333,1,16,,,,,
13,8.233333333,1,16,,,,,
13,8.233333333,1,16,,,,,
13,8.233333333,1,16,,,,,
2,1.266666667,1,16,,,,,
2,1.266666667,1,16,,,,,
2,1.266666667,1,16,,,,,
2,1.266666667,1,16,,,,,
2,1.266666667,1,16,,,,,
2,1.266666667,1,16,,,,,
6,3.8,1,16,,,,,
6,3.8,1,16,,,,,
6,3.8,1,16,,,,,
6,3.8,1,16,,,,,
6,3.8,1,16,,,,,
6,3.8,1,16,,,,,
13,8.233333333,1,16,,,,,
13,8.233333333,1,16,,,,,
13,8.233333333,1,16,,,,,
13,8.233333333,1,16,,,,,
13,8.233333333,1,16,,,,,
13,8.233333333,1,16,,,,,
13,8.233333333,1,16,,,,,
13,8.233333333,1,16,,,,,
13,8.233333333,1,16,,,,,
13,8.233333333,1,16,,,,,
13,8.233333333,1,16,,,,,
13,8.233333333,1,16,,,,,
2,1.266666667,1,16,,,,,
2,1.266666667,1,16,,,,,
2,1.266666667,1,16,,,,,
2,1.266666667,1,16,,,,,
2,1.266666667,1,16,,,,,
2,1.266666667,1,16,,,,,
17,10.76666667,1,16,,,,,
17,10.76666667,1,16,,,,,
17,10.76666667,1,16,,,,,
17,10.76666667,1,16,,,,,
17,10.76666667,1,16,,,,,
17,10.76666667,1,16,,,,,
10,6.333333333,1,16,,,,,
10,6.333333333,1,16,,,,,
10,6.333333333,1,16,,,,,
10,6.333333333,1,16,,,,,
10,6.333333333,1,16,,,,,
10,6.333333333,1,16,,,,,
0,0,1,16,,,,,
0,0,1,16,,,,,
0,0,1,16,,,,,
0,0,1,16,,,,,
0,0,1,16,,,,,
0,0,1,16,,,,,
0,0,1,16,,,,,
0,0,1,16,,,,,
0,0,1,16,,,,,
0,0,1,16,,,,,
0,0,1,16,,,,,
0,0,1,16,,,,,
0,0,1,16,,,,,
0,0,1,16,,,,,
0,0,1,16,,,,,
0,0,1,16,,,,,
0,0,1,16,,,,,
0,0,1,16,,,,,
13,8.233333333,1,16,,,,,
13,8.233333333,1,16,,,,,
13,8.233333333,1,16,,,,,
13,8.233333333,1,16,,,,,
13,8.233333333,1,16,,,,,
13,8.233333333,1,16,,,,,
15,9.5,1,16,,,,,
15,9.5,1,16,,,,,
15,9.5,1,16,,,,,
15,9.5,1,16,,,,,
15,9.5,1,16,,,,,
15,9.5,1,16,,,,,
8,5.066666667,1,16,,,,,
8,5.066666667,1,16,,,,,
8,5.066666667,1,16,,,,,
8,5.066666667,1,16,,,,,
8,5.066666667,1,16,,,,,
8,5.066666667,1,16,,,,,
8,5.066666667,1,16,,,,,
8,5.066666667,1,16,,,,,
8,5.066666667,1,16,,,,,
8,5.066666667,1,16,,,,,
8,5.066666667,1,16,,,,,
8,5.066666667,1,16,,,,,
6,3.8,1,16,,,,,
6,3.8,1,16,,,,,
6,3.8,1,16,,,,,
6,3.8,1,16,,,,,
6,3.8,1,16,,,,,
6,3.8,1,16,,,,,
2,1.266666667,1,16,,,,,
2,1.266666667,1,16,,,,,
2,1.266666667,1,16,,,,,
2,1.266666667,1,16,,,,,
2,1.266666667,1,16,,,,,
2,1.266666667,1,16,,,,,
19,12.03333333,1,16,,,,,
19,12.03333333,1,16,,,,,
19,12.03333333,1,16,,,,,
19,12.03333333,1,16,,,,,
19,12.03333333,1,16,,,,,
19,12.03333333,2,32,,,,,
30,19,2,32,,,,,
30,19,2,32,,,,,
30,19,2,32,,,,,
30,19,2,32,,,,,
30,19,2,32,,,,,
30,19,2,32,,,,,
41,25.96666667,2,32,,,,,
41,25.96666667,2,32,,,,,
41,25.96666667,2,32,,,,,
41,25.96666667,2,32,,,,,
41,25.96666667,2,32,,,,,
41,25.96666667,2,32,,,,,
21,13.3,2,32,,,,,
21,13.3,2,32,,,,,
21,13.3,2,32,,,,,
21,13.3,2,32,,,,,
21,13.3,2,32,,,,,
21,13.3,2,32,,,,,
23,14.56666667,2,32,,,,,
23,14.56666667,2,32,,,,,
23,14.56666667,2,32,,,,,
23,14.56666667,2,32,,,,,
23,14.56666667,2,32,,,,,
23,14.56666667,2,32,,,,,
32,20.26666667,2,32,,,,,
32,20.26666667,2,32,,,,,
32,20.26666667,2,32,,,,,
32,20.26666667,2,32,,,,,
32,20.26666667,2,32,,,,,
32,20.26666667,3,48,,,,,
52,32.93333333,3,48,,,,,
52,32.93333333,3,48,,,,,
52,32.93333333,3,48,,,,,
52,32.93333333,3,48,,,,,
52,32.93333333,3,48,,,,,
52,32.93333333,3,48,,,,,
41,25.96666667,3,48,,,,,
41,25.96666667,3,48,,,,,
41,25.96666667,3,48,,,,,
41,25.96666667,3,48,,,,,
41,25.96666667,3,48,,,,,
41,25.96666667,3,48,,,,,
17,10.76666667,3,48,,,,,
17,10.76666667,3,48,,,,,
17,10.76666667,3,48,,,,,
17,10.76666667,3,48,,,,,
17,10.76666667,3,48,,,,,
17,10.76666667,3,48,,,,,
10,6.333333333,3,48,,,,,
10,6.333333333,3,48,,,,,
10,6.333333333,3,48,,,,,
10,6.333333333,3,48,,,,,
10,6.333333333,3,48,,,,,
10,6.333333333,3,48,,,,,
13,8.233333333,3,48,,,,,
13,8.233333333,3,48,,,,,
13,8.233333333,3,48,,,,,
13,8.233333333,3,48,,,,,
13,8.233333333,3,48,,,,,
13,8.233333333,3,48,,,,,
15,9.5,3,48,,,,,
15,9.5,3,48,,,,,
15,9.5,3,48,,,,,
15,9.5,3,48,,,,,
15,9.5,3,48,,,,,
15,9.5,3,48,,,,,
13,8.233333333,3,48,,,,,
13,8.233333333,3,48,,,,,
13,8.233333333,3,48,,,,,
13,8.233333333,3,48,,,,,
13,8.233333333,3,48,,,,,
13,8.233333333,3,48,,,,,
0,0,3,48,,,,,
0,0,3,48,,,,,
0,0,3,48,,,,,
0,0,3,48,,,,,
0,0,3,48,,,,,
0,0,3,48,,,,,
2,1.266666667,3,48,,,,,
2,1.266666667,3,48,,,,,
2,1.266666667,3,48,,,,,
2,1.266666667,3,48,,,,,
2,1.266666667,3,48,,,,,
2,1.266666667,3,48,,,,,
0,0,3,48,,,,,
0,0,3,48,,,,,
0,0,3,48,,,,,
0,0,3,48,,,,,
0,0,3,48,,,,,
0,0,3,48,,,,,
15,9.5,3,48,,,,,
15,9.5,3,48,,,,,
15,9.5,3,48,,,,,
15,9.5,3,48,,,,,
15,9.5,3,48,,,,,
15,9.5,3,48,,,,,
4,2.533333333,3,48,,,,,
4,2.533333333,3,48,,,,,
4,2.533333333,3,48,,,,,
4,2.533333333,3,48,,,,,
4,2.533333333,3,48,,,,,
4,2.533333333,3,48,,,,,
4,2.533333333,3,48,,,,,
4,2.533333333,3,48,,,,,
4,2.533333333,3,48,,,,,
4,2.533333333,3,48,,,,,
4,2.533333333,3,48,,,,,
4,2.533333333,3,48,,,,,
0,0,3,48,,,,,
0,0,3,48,,,,,
0,0,3,48,,,,,
0,0,3,48,,,,,
0,0,3,48,,,,,
0,0,3,48,,,,,
0,0,3,48,,,,,
0,0,3,48,,,,,
0,0,3,48,,,,,
0,0,3,48,,,,,
0,0,3,48,,,,,
0,0,3,48,,,,,
2,1.266666667,3,48,,,,,
2,1.266666667,3,48,,,,,
2,1.266666667,3,48,,,,,
2,1.266666667,3,48,,,,,
2,1.266666667,3,48,,,,,
2,1.266666667,3,48,,,,,
0,0,3,48,,,,,
0,0,3,48,,,,,
0,0,3,48,,,,,
0,0,3,48,,,,,
0,0,3,48,,,,,
0,0,3,48,,,,,
0,0,3,48,,,,,
0,0,3,48,,,,,
0,0,3,48,,,,,
0,0,3,48,,,,,
0,0,3,48,,,,,
0,0,3,48,,,,,
15,9.5,3,48,,,,,
15,9.5,3,48,,,,,
15,9.5,3,48,,,,,
15,9.5,3,48,,,,,
15,9.5,3,48,,,,,
15,9.5,3,48,,,,,
17,10.76666667,3,48,,,,,
17,10.76666667,3,48,,,,,
17,10.76666667,3,48,,,,,
17,10.76666667,3,48,,,,,
17,10.76666667,3,48,,,,,
17,10.76666667,3,48,,,,,
28,17.73333333,3,48,,,,,
28,17.73333333,3,48,,,,,
28,17.73333333,3,48,,,,,
28,17.73333333,3,48,,,,,
28,17.73333333,3,48,,,,,
28,17.73333333,3,48,,,,,
45,28.5,3,48,,,,,
45,28.5,3,48,,,,,
45,28.5,3,48,,,,,
45,28.5,3,48,,,,,
45,28.5,3,48,,,,,
45,28.5,3,48,,,,,
39,24.7,3,48,,,,,
39,24.7,3,48,,,,,
39,24.7,3,48,,,,,
39,24.7,3,48,,,,,
39,24.7,3,48,,,,,
39,24.7,3,48,,,,,
63,39.9,3,48,,,,,
63,39.9,3,48,,,,,
63,39.9,3,48,,,,,
63,39.9,3,48,,,,,
63,39.9,3,48,,,,,
63,39.9,3,48,,,,,
65,41.16666667,3,48,,,,,
65,41.16666667,3,48,,,,,
65,41.16666667,3,48,,,,,
65,41.16666667,3,48,,,,,
65,41.16666667,3,48,,,,,
65,41.16666667,3,48,,,,,
71,44.96666667,3,48,,,,,
71,44.96666667,3,48,,,,,
71,44.96666667,3,48,,,,,
71,44.96666667,3,48,,,,,
71,44.96666667,3,48,,,,,
71,44.96666667,3,48,,,,,
63,39.9,3,48,,,,,
63,39.9,3,48,,,,,
63,39.9,3,48,,,,,
63,39.9,3,48,,,,,
63,39.9,3,48,,,,,
63,39.9,3,48,,,,,
47,29.76666667,3,48,,,,,
47,29.76666667,3,48,,,,,
47,29.76666667,3,48,,,,,
47,29.76666667,3,48,,,,,
47,29.76666667,3,48,,,,,
47,29.76666667,3,48,,,,,
52,32.93333333,3,48,,,,,
52,32.93333333,3,48,,,,,
52,32.93333333,3,48,,,,,
52,32.93333333,3,48,,,,,
52,32.93333333,3,48,,,,,
52,32.93333333,3,48,,,,,
58,36.73333333,3,48,,,,,
58,36.73333333,3,48,,,,,
58,36.73333333,3,48,,,,,
58,36.73333333,3,48,,,,,
58,36.73333333,3,48,,,,,
58,36.73333333,3,48,,,,,
47,29.76666667,3,48,,,,,
47,29.76666667,3,48,,,,,
47,29.76666667,3,48,,,,,
47,29.76666667,3,48,,,,,
47,29.76666667,3,48,,,,,
47,29.76666667,3,48,,,,,
52,32.93333333,3,48,,,,,
52,32.93333333,3,48,,,,,
52,32.93333333,3,48,,,,,
52,32.93333333,3,48,,,,,
52,32.93333333,3,48,,,,,
52,32.93333333,3,48,,,,,
36,22.8,3,48,,,,,
36,22.8,3,48,,,,,
36,22.8,3,48,,,,,
36,22.8,3,48,,,,,
36,22.8,3,48,,,,,
36,22.8,3,48,,,,,
39,24.7,3,48,,,,,
39,24.7,3,48,,,,,
39,24.7,3,48,,,,,
39,24.7,3,48,,,,,
39,24.7,3,48,,,,,
39,24.7,3,48,,,,,
45,28.5,3,48,,,,,
45,28.5,3,48,,,,,
45,28.5,3,48,,,,,
45,28.5,3,48,,,,,
45,28.5,3,48,,,,,
45,28.5,3,48,,,,,
67,42.43333333,3,48,,,,,
67,42.43333333,3,48,,,,,
67,42.43333333,3,48,,,,,
67,42.43333333,3,48,,,,,
67,42.43333333,3,48,,,,,
67,42.43333333,3,48,,,,,
63,39.9,3,48,,,,,
63,39.9,3,48,,,,,
63,39.9,3,48,,,,,
63,39.9,3,48,,,,,
63,39.9,3,48,,,,,
63,39.9,3,48,,,,,
67,42.43333333,3,48,,,,,
67,42.43333333,3,48,,,,,
67,42.43333333,3,48,,,,,
67,42.43333333,3,48,,,,,
67,42.43333333,3,48,,,,,
67,42.43333333,3,48,,,,,
71,44.96666667,3,48,,,,,
71,44.96666667,3,48,,,,,
71,44.96666667,3,48,,,,,
71,44.96666667,3,48,,,,,
71,44.96666667,3,48,,,,,
71,44.96666667,3,48,,,,,
65,41.16666667,3,48,,,,,
65,41.16666667,3,48,,,,,
65,41.16666667,3,48,,,,,
65,41.16666667,3,48,,,,,
65,41.16666667,3,48,,,,,
65,41.16666667,3,48,,,,,
67,42.43333333,3,48,,,,,
67,42.43333333,3,48,,,,,
67,42.43333333,3,48,,,,,
67,42.43333333,6,96,,,,,
67,42.43333333,6,96,,,,,
67,42.43333333,6,96,,,,,
102,64.6,6,96,,,,,
102,64.6,6,96,,,,,
102,64.6,6,96,,,,,
102,64.6,6,96,,,,,
102,64.6,6,96,,,,,
102,64.6,6,96,,,,,
108,68.4,6,96,,,,,
108,68.4,6,96,,,,,
108,68.4,6,96,,,,,
108,68.4,7,112,,,,,
108,68.4,7,112,,,,,
108,68.4,7,112,,,,,
143,90.56666667,7,112,,,,,
143,90.56666667,7,112,,,,,
143,90.56666667,7,112,,,,,
143,90.56666667,7,112,,,,,
143,90.56666667,7,112,,,,,
143,90.56666667,7,112,,,,,
143,90.56666667,7,112,,,,,
143,90.56666667,7,112,,,,,
143,90.56666667,7,112,,,,,
143,90.56666667,7,112,,,,,
143,90.56666667,7,112,,,,,
143,90.56666667,7,112,,,,,
128,81.06666667,7,112,,,,,
128,81.06666667,7,112,,,,,
128,81.06666667,7,112,,,,,
128,81.06666667,7,112,,,,,
128,81.06666667,7,112,,,,,
128,81.06666667,7,112,,,,,
117,74.1,7,112,,,,,
117,74.1,7,112,,,,,
117,74.1,7,112,,,,,
117,74.1,7,112,,,,,
117,74.1,7,112,,,,,
117,74.1,7,112,,,,,
119,75.36666667,7,112,,,,,
119,75.36666667,7,112,,,,,
119,75.36666667,7,112,,,,,
119,75.36666667,7,112,,,,,
119,75.36666667,7,112,,,,,
119,75.36666667,7,112,,,,,
108,68.4,7,112,,,,,
108,68.4,7,112,,,,,
108,68.4,7,112,,,,,
108,68.4,7,112,,,,,
108,68.4,7,112,,,,,
108,68.4,7,112,,,,,
102,64.6,7,112,,,,,
102,64.6,7,112,,,,,
102,64.6,7,112,,,,,
102,64.6,7,112,,,,,
102,64.6,7,112,,,,,
102,64.6,7,112,,,,,
117,74.1,7,112,,,,,
117,74.1,7,112,,,,,
117,74.1,7,112,,,,,
117,74.1,7,112,,,,,
117,74.1,7,112,,,,,
117,74.1,7,112,,,,,
104,65.86666667,7,112,,,,,
104,65.86666667,7,112,,,,,
104,65.86666667,7,112,,,,,
104,65.86666667,7,112,,,,,
104,65.86666667,7,112,,,,,
104,65.86666667,7,112,,,,,
95,60.16666667,7,112,,,,,
95,60.16666667,7,112,,,,,
95,60.16666667,7,112,,,,,
95,60.16666667,7,112,,,,,
95,60.16666667,7,112,,,,,
95,60.16666667,7,112,,,,,
67,42.43333333,7,112,,,,,
67,42.43333333,7,112,,,,,
67,42.43333333,7,112,,,,,
67,42.43333333,7,112,,,,,
67,42.43333333,7,112,,,,,
67,42.43333333,7,112,,,,,
71,44.96666667,7,112,,,,,
71,44.96666667,7,112,,,,,
71,44.96666667,7,112,,,,,
71,44.96666667,7,112,,,,,
71,44.96666667,7,112,,,,,
71,44.96666667,7,112,,,,,
128,81.06666667,7,112,,,,,
128,81.06666667,8,128,,,,,
128,81.06666667,8,128,,,,,
128,81.06666667,8,128,,,,,
128,81.06666667,8,128,,,,,
128,81.06666667,8,128,,,,,
173,109.5666667,8,128,,,,,
173,109.5666667,8,128,,,,,
173,109.5666667,8,128,,,,,
173,109.5666667,8,128,,,,,
173,109.5666667,8,128,,,,,
173,109.5666667,8,128,,,,,
158,100.0666667,8,128,,,,,
158,100.0666667,8,128,,,,,
158,100.0666667,8,128,,,,,
158,100.0666667,8,128,,,,,
158,100.0666667,8,128,,,,,
158,100.0666667,8,128,,,,,
171,108.3,8,128,,,,,
171,108.3,8,128,,,,,
171,108.3,8,128,,,,,
171,108.3,8,128,,,,,
171,108.3,8,128,,,,,
171,108.3,8,128,,,,,
165,104.5,8,128,,,,,
165,104.5,8,128,,,,,
165,104.5,8,128,,,,,
165,104.5,8,128,,,,,
165,104.5,8,128,,,,,
165,104.5,8,128,,,,,
143,90.56666667,8,128,,,,,
143,90.56666667,8,128,,,,,
143,90.56666667,8,128,,,,,
143,90.56666667,8,128,,,,,
143,90.56666667,8,128,,,,,
143,90.56666667,8,128,,,,,
143,90.56666667,8,128,,,,,
143,90.56666667,8,128,,,,,
143,90.56666667,8,128,,,,,
143,90.56666667,8,128,,,,,
143,90.56666667,8,128,,,,,
143,90.56666667,8,128,,,,,
145,91.83333333,8,128,,,,,
145,91.83333333,8,128,,,,,
145,91.83333333,8,128,,,,,
145,91.83333333,8,128,,,,,
145,91.83333333,8,128,,,,,
145,91.83333333,8,128,,,,,
165,104.5,8,128,,,,,
165,104.5,8,128,,,,,
165,104.5,8,128,,,,,
165,104.5,8,128,,,,,
165,104.5,8,128,,,,,
165,104.5,8,128,,,,,
156,98.8,8,128,,,,,
156,98.8,8,128,,,,,
156,98.8,8,128,,,,,
156,98.8,8,128,,,,,
156,98.8,8,128,,,,,
156,98.8,8,128,,,,,
117,74.1,8,128,,,,,
117,74.1,8,128,,,,,
117,74.1,8,128,,,,,
117,74.1,8,128,,,,,
117,74.1,8,128,,,,,
117,74.1,8,128,,,,,
121,76.63333333,8,128,,,,,
121,76.63333333,8,128,,,,,
121,76.63333333,8,128,,,,,
121,76.63333333,8,128,,,,,
121,76.63333333,8,128,,,,,
121,76.63333333,8,128,,,,,
128,81.06666667,8,128,,,,,
128,81.06666667,8,128,,,,,
128,81.06666667,8,128,,,,,
128,81.06666667,8,128,,,,,
128,81.06666667,8,128,,,,,
128,81.06666667,10,160,,,,,
193,122.2333333,11,176,,,,,
193,122.2333333,11,176,,,,,
193,122.2333333,11,176,,,,,
193,122.2333333,11,176,,,,,
193,122.2333333,11,176,,,,,
193,122.2333333,11,176,,,,,
213,134.9,11,176,,,,,
213,134.9,11,176,,,,,
213,134.9,11,176,,,,,
213,134.9,11,176,,,,,
213,134.9,11,176,,,,,
213,134.9,11,176,,,,,
204,129.2,11,176,,,,,
204,129.2,11,176,,,,,
204,129.2,11,176,,,,,
204,129.2,11,176,,,,,
204,129.2,11,176,,,,,
204,129.2,11,176,,,,,
219,138.7,11,176,,,,,
219,138.7,11,176,,,,,
219,138.7,11,176,,,,,
219,138.7,11,176,,,,,
219,138.7,11,176,,,,,
219,138.7,11,176,,,,,
236,149.4666667,11,176,,,,,
236,149.4666667,11,176,,,,,
236,149.4666667,11,176,,,,,
236,149.4666667,11,176,,,,,
236,149.4666667,11,176,,,,,
236,149.4666667,11,176,,,,,
215,136.1666667,11,176,,,,,
215,136.1666667,11,176,,,,,
215,136.1666667,11,176,,,,,
215,136.1666667,11,176,,,,,
215,136.1666667,11,176,,,,,
215,136.1666667,11,176,,,,,
202,127.9333333,11,176,,,,,
202,127.9333333,11,176,,,,,
202,127.9333333,11,176,,,,,
202,127.9333333,11,176,,,,,
202,127.9333333,11,176,,,,,
202,127.9333333,11,176,,,,,
154,97.53333333,11,176,,,,,
154,97.53333333,11,176,,,,,
154,97.53333333,11,176,,,,,
154,97.53333333,11,176,,,,,
154,97.53333333,11,176,,,,,
154,97.53333333,11,176,,,,,
119,75.36666667,11,176,,,,,
119,75.36666667,11,176,,,,,
119,75.36666667,11,176,,,,,
119,75.36666667,11,176,,,,,
119,75.36666667,11,176,,,,,
119,75.36666667,11,176,,,,,
132,83.6,11,176,,,,,
132,83.6,11,176,,,,,
132,83.6,11,176,,,,,
132,83.6,11,176,,,,,
132,83.6,11,176,,,,,
132,83.6,11,176,,,,,
169,107.0333333,11,176,,,,,
169,107.0333333,11,176,,,,,
169,107.0333333,11,176,,,,,
169,107.0333333,11,176,,,,,
169,107.0333333,11,176,,,,,
169,107.0333333,11,176,,,,,
167,105.7666667,11,176,,,,,
167,105.7666667,11,176,,,,,
167,105.7666667,11,176,,,,,
167,105.7666667,11,176,,,,,
167,105.7666667,11,176,,,,,
167,105.7666667,11,176,,,,,
139,88.03333333,11,176,,,,,
139,88.03333333,11,176,,,,,
139,88.03333333,11,176,,,,,
139,,11,,,,,,
139,,11,,,,,,
139,,11,,,,,,
121,,11,,,,,,
121,,11,,,,,,
121,,11,,,,,,
121,,11,,,,,,
121,,11,,,,,,
121,,11,,,,,,
136,,11,,,,,,
136,,11,,,,,,
136,,11,,,,,,
136,,11,,,,,,
136,,11,,,,,,
136,,11,,,,,,
121,,11,,,,,,
121,,11,,,,,,
121,,11,,,,,,
121,,11,,,,,,
121,,11,,,,,,
121,,11,,,,,,
123,,11,,,,,,
123,,11,,,,,,
123,,11,,,,,,
123,,11,,,,,,
123,,11,,,,,,
123,,11,,,,,,
93,,11,,,,,,
93,,11,,,,,,
93,,11,,,,,,
93,,11,,,,,,
93,,11,,,,,,
93,,11,,,,,,
104,,11,,,,,,
104,,11,,,,,,
104,,11,,,,,,
104,,11,,,,,,
104,,11,,,,,,
104,,11,,,,,,
100,,11,,,,,,
100,,11,,,,,,
100,,11,,,,,,
100,,11,,,,,,
100,,11,,,,,,
100,,11,,,,,,
100,,11,,,,,,
100,,11,,,,,,
100,,11,,,,,,
100,,11,,,,,,
100,,11,,,,,,
100,,11,,,,,,
71,,11,,,,,,
71,,11,,,,,,
71,,11,,,,,,
71,,11,,,,,,
71,,11,,,,,,
71,,11,,,,,,
71,,11,,,,,,
71,,11,,,,,,
71,,11,,,,,,
71,,11,,,,,,
71,,11,,,,,,
71,,11,,,,,,
132,,11,,,,,,
132,,11,,,,,,
132,,11,,,,,,
132,,11,,,,,,
132,,11,,,,,,
132,,11,,,,,,
115,,11,,,,,,
115,,11,,,,,,
115,,11,,,,,,
115,,11,,,,,,
115,,11,,,,,,
115,,11,,,,,,
69,,11,,,,,,
69,,11,,,,,,
69,,11,,,,,,
69,,11,,,,,,
69,,11,,,,,,
69,,11,,,,,,
84,,11,,,,,,
84,,11,,,,,,
84,,11,,,,,,
84,,11,,,,,,
84,,11,,,,,,
84,,11,,,,,,
89,,11,,,,,,
89,,11,,,,,,
89,,11,,,,,,
89,,11,,,,,,
89,,11,,,,,,
89,,11,,,,,,
102,,11,,,,,,
102,,11,,,,,,
102,,11,,,,,,
102,,11,,,,,,
102,,11,,,,,,
102,,11,,,,,,
82,,11,,,,,,
82,,11,,,,,,
82,,11,,,,,,
82,,11,,,,,,
82,,11,,,,,,
82,,11,,,,,,
73,,11,,,,,,
73,,11,,,,,,
73,,11,,,,,,
73,,11,,,,,,
73,,11,,,,,,
73,,11,,,,,,
63,,11,,,,,,
63,,11,,,,,,
63,,11,,,,,,
63,,11,,,,,,
63,,11,,,,,,
63,,11,,,,,,
82,,11,,,,,,
82,,11,,,,,,
82,,11,,,,,,
82,,11,,,,,,
82,,11,,,,,,
82,,11,,,,,,
97,,11,,,,,,
97,,11,,,,,,
97,,11,,,,,,
97,,11,,,,,,
97,,11,,,,,,
97,,11,,,,,,
117,,11,,,,,,
117,,11,,,,,,
117,,11,,,,,,
117,,11,,,,,,
117,,11,,,,,,
117,,11,,,,,,
121,,11,,,,,,
121,,11,,,,,,
121,,11,,,,,,
121,,11,,,,,,
121,,11,,,,,,
121,,11,,,,,,
69,,11,,,,,,
69,,11,,,,,,
69,,11,,,,,,
69,,11,,,,,,
69,,11,,,,,,
69,,11,,,,,,
63,,11,,,,,,
63,,11,,,,,,
63,,11,,,,,,
63,,11,,,,,,
63,,11,,,,,,
63,,11,,,,,,
80,,11,,,,,,
80,,11,,,,,,
80,,11,,,,,,
80,,11,,,,,,
80,,11,,,,,,
80,,11,,,,,,
73,,11,,,,,,
73,,11,,,,,,
73,,11,,,,,,
73,,11,,,,,,
73,,11,,,,,,
73,,11,,,,,,
54,,11,,,,,,
54,,11,,,,,,
54,,11,,,,,,
54,,11,,,,,,
54,,11,,,,,,
54,,11,,,,,,
43,,11,,,,,,
43,,11,,,,,,
43,,11,,,,,,
43,,11,,,,,,
43,,11,,,,,,
43,,11,,,,,,
32,,11,,,,,,
32,,11,,,,,,
32,,11,,,,,,
32,,11,,,,,,
32,,11,,,,,,
32,,11,,,,,,
45,,11,,,,,,
45,,11,,,,,,
45,,11,,,,,,
45,,11,,,,,,
45,,11,,,,,,
45,,11,,,,,,
47,,11,,,,,,
47,,11,,,,,,
47,,11,,,,,,
47,,11,,,,,,
47,,11,,,,,,
47,,11,,,,,,
63,,11,,,,,,
63,,11,,,,,,
63,,11,,,,,,
63,,11,,,,,,
63,,11,,,,,,
63,,11,,,,,,
65,,11,,,,,,
65,,11,,,,,,
65,,11,,,,,,
65,,11,,,,,,
65,,11,,,,,,
65,,11,,,,,,
65,,11,,,,,,
65,,11,,,,,,
65,,11,,,,,,
65,,11,,,,,,
65,,11,,,,,,
65,,11,,,,,,
45,,11,,,,,,
45,,11,,,,,,
45,,11,,,,,,
45,,11,,,,,,
45,,11,,,,,,
45,,11,,,,,,
39,,11,,,,,,
39,,11,,,,,,
39,,11,,,,,,
39,,11,,,,,,
39,,11,,,,,,
39,,11,,,,,,
52,,11,,,,,,
52,,11,,,,,,
52,,11,,,,,,
52,,11,,,,,,
52,,11,,,,,,
52,,11,,,,,,
50,,11,,,,,,
50,,11,,,,,,
50,,11,,,,,,
50,,11,,,,,,
50,,11,,,,,,
50,,11,,,,,,
39,,11,,,,,,
39,,11,,,,,,
39,,11,,,,,,
39,,11,,,,,,
39,,11,,,,,,
39,,11,,,,,,
26,,11,,,,,,
26,,11,,,,,,
26,,11,,,,,,
26,,11,,,,,,
26,,11,,,,,,
26,,10,,,,,,
15,,10,,,,,,
15,,10,,,,,,
15,,9,,,,,,
15,,9,,,,,,
15,,9,,,,,,
15,,9,,,,,,
13,,9,,,,,,
13,,9,,,,,,
13,,9,,,,,,
13,,9,,,,,,
13,,9,,,,,,
13,,8,,,,,,
0,,8,,,,,,
0,,8,,,,,,
0,,8,,,,,,
0,,8,,,,,,
0,,8,,,,,,
0,,8,,,,,,
4,,8,,,,,,
4,,8,,,,,,
4,,8,,,,,,
4,,8,,,,,,
4,,8,,,,,,
4,,8,,,,,,
4,,8,,,,,,
4,,8,,,,,,
4,,8,,,,,,
4,,8,,,,,,
4,,8,,,,,,
4,,8,,,,,,
6,,8,,,,,,
6,,8,,,,,,
6,,8,,,,,,
6,,8,,,,,,
6,,8,,,,,,
6,,8,,,,,,
0,,8,,,,,,
0,,8,,,,,,
0,,8,,,,,,
0,,8,,,,,,
0,,8,,,,,,
0,,7,,,,,,
2,,7,,,,,,
2,,7,,,,,,
2,,7,,,,,,
2,,7,,,,,,
2,,7,,,,,,
2,,7,,,,,,
2,,7,,,,,,
2,,7,,,,,,
2,,7,,,,,,
2,,7,,,,,,
2,,7,,,,,,
2,,7,,,,,,
15,,7,,,,,,
15,,7,,,,,,
15,,6,,,,,,
15,,6,,,,,,
15,,6,,,,,,
15,,6,,,,,,
6,,6,,,,,,
6,,6,,,,,,
6,,6,,,,,,
6,,6,,,,,,
6,,6,,,,,,
6,,6,,,,,,
0,,6,,,,,,
0,,6,,,,,,
0,,6,,,,,,
0,,6,,,,,,
0,,6,,,,,,
0,,6,,,,,,
0,,6,,,,,,
0,,6,,,,,,
0,,6,,,,,,
0,,6,,,,,,
0,,6,,,,,,
0,,6,,,,,,
15,,6,,,,,,
15,,6,,,,,,
15,,6,,,,,,
15,,6,,,,,,
15,,6,,,,,,
15,,6,,,,,,
28,,6,,,,,,
28,,6,,,,,,
28,,6,,,,,,
28,,6,,,,,,
28,,6,,,,,,
28,,6,,,,,,
45,,6,,,,,,
45,,6,,,,,,
45,,6,,,,,,
45,,6,,,,,,
45,,6,,,,,,
45,,6,,,,,,
50,,6,,,,,,
50,,6,,,,,,
50,,6,,,,,,
50,,6,,,,,,
50,,6,,,,,,
50,,6,,,,,,
50,,6,,,,,,
50,,6,,,,,,
50,,6,,,,,,
50,,6,,,,,,
50,,6,,,,,,
50,,6,,,,,,
0,,6,,,,,,
0,,6,,,,,,
0,,6,,,,,,
0,,6,,,,,,
0,,6,,,,,,
0,,6,,,,,,
0,,6,,,,,,
0,,6,,,,,,
0,,6,,,,,,
0,,6,,,,,,
0,,6,,,,,,
0,,6,,,,,,
0,,6,,,,,,
0,,6,,,,,,
0,,6,,,,,,
0,,6,,,,,,
0,,6,,,,,,
0,,6,,,,,,
0,,6,,,,,,
0,,6,,,,,,
0,,6,,,,,,
0,,6,,,,,,
0,,6,,,,,,
0,,6,,,,,,
0,,6,,,,,,
0,,6,,,,,,
0,,6,,,,,,
0,,6,,,,,,
0,,6,,,,,,
0,,6,,,,,,
0,,6,,,,,,
0,,6,,,,,,
0,,6,,,,,,
0,,6,,,,,,
0,,6,,,,,,
0,,6,,,,,,
0,,6,,,,,,
0,,6,,,,,,
0,,6,,,,,,
0,,6,,,,,,
0,,6,,,,,,
0,,6,,,,,,
0,,6,,,,,,
0,,6,,,,,,
0,,6,,,,,,
0,,6,,,,,,
0,,6,,,,,,
0,,6,,,,,,
0,,6,,,,,,
0,,6,,,,,,
0,,6,,,,,,
0,,6,,,,,,
0,,6,,,,,,
0,,6,,,,,,
0,,6,,,,,,
0,,6,,,,,,
0,,6,,,,,,
0,,6,,,,,,
0,,6,,,,,,
0,,6,,,,,,
0,,6,,,,,,
0,,6,,,,,,
0,,6,,,,,,
0,,6,,,,,,
0,,6,,,,,,
0,,6,,,,,,
0,,6,,,,,,
0,,6,,,,,,
0,,6,,,,,,
0,,6,,,,,,
0,,6,,,,,,
0,,5,,,,,,
0,,5,,,,,,
0,,5,,,,,,
0,,4,,,,,,
0,,4,,,,,,
0,,4,,,,,,
0,,4,,,,,,
0,,4,,,,,,
0,,4,,,,,,
0,,4,,,,,,
0,,4,,,,,,
0,,4,,,,,,
0,,4,,,,,,
0,,4,,,,,,
0,,4,,,,,,
0,,4,,,,,,
0,,4,,,,,,
0,,4,,,,,,
0,,4,,,,,,
6,,4,,,,,,
6,,4,,,,,,
6,,4,,,,,,
6,,4,,,,,,
6,,4,,,,,,
6,,3,,,,,,
28,,3,,,,,,
28,,3,,,,,,
28,,3,,,,,,
28,,3,,,,,,
28,,3,,,,,,
28,,3,,,,,,
41,,3,,,,,,
41,,3,,,,,,
41,,3,,,,,,
41,,3,,,,,,
41,,3,,,,,,
41,,3,,,,,,
43,,3,,,,,,
43,,3,,,,,,
43,,3,,,,,,
43,,3,,,,,,
43,,3,,,,,,
43,,3,,,,,,
36,,3,,,,,,
36,,3,,,,,,
36,,3,,,,,,
36,,3,,,,,,
36,,3,,,,,,
36,,3,,,,,,
41,,3,,,,,,
41,,3,,,,,,
41,,3,,,,,,
41,,3,,,,,,
41,,3,,,,,,
41,,3,,,,,,
32,,3,,,,,,
32,,3,,,,,,
32,,3,,,,,,
32,,3,,,,,,
32,,3,,,,,,
32,,3,,,,,,
32,,3,,,,,,
32,,3,,,,,,
32,,3,,,,,,
32,,3,,,,,,
32,,3,,,,,,
32,,3,,,,,,
28,,3,,,,,,
28,,3,,,,,,
28,,3,,,,,,
28,,3,,,,,,
28,,3,,,,,,
28,,3,,,,,,
26,,3,,,,,,
26,,3,,,,,,
26,,3,,,,,,
26,,3,,,,,,
26,,3,,,,,,
26,,3,,,,,,
23,,3,,,,,,
23,,3,,,,,,
23,,3,,,,,,
23,,3,,,,,,
23,,3,,,,,,
23,,3,,,,,,
21,,3,,,,,,
21,,3,,,,,,
21,,3,,,,,,
21,,3,,,,,,
21,,3,,,,,,
21,,2,,,,,,
26,,2,,,,,,
26,,2,,,,,,
26,,2,,,,,,
26,,2,,,,,,
26,,2,,,,,,
26,,2,,,,,,
4,,2,,,,,,
4,,2,,,,,,
4,,2,,,,,,
4,,2,,,,,,
4,,2,,,,,,
4,,2,,,,,,
13,,2,,,,,,
13,,2,,,,,,
13,,2,,,,,,
13,,2,,,,,,
13,,2,,,,,,
13,,2,,,,,,
8,,2,,,,,,
8,,2,,,,,,
8,,2,,,,,,
8,,2,,,,,,
8,,2,,,,,,
8,,2,,,,,,
15,,2,,,,,,
15,,2,,,,,,
15,,2,,,,,,
15,,2,,,,,,
15,,2,,,,,,
15,,2,,,,,,
8,,2,,,,,,
8,,2,,,,,,
8,,2,,,,,,
8,,2,,,,,,
8,,2,,,,,,
8,,2,,,,,,
6,,2,,,,,,
6,,2,,,,,,
6,,2,,,,,,
6,,2,,,,,,
6,,2,,,,,,
6,,2,,,,,,
8,,2,,,,,,
8,,2,,,,,,
8,,2,,,,,,
8,,2,,,,,,
8,,2,,,,,,
8,,2,,,,,,
4,,2,,,,,,
4,,2,,,,,,
4,,2,,,,,,
4,,2,,,,,,
4,,2,,,,,,
4,,2,,,,,,
6,,2,,,,,,
6,,2,,,,,,
6,,2,,,,,,
6,,2,,,,,,
6,,2,,,,,,
6,,2,,,,,,
6,,2,,,,,,
6,,2,,,,,,
6,,2,,,,,,
6,,2,,,,,,
6,,2,,,,,,
6,,2,,,,,,
0,,2,,,,,,
0,,2,,,,,,
0,,2,,,,,,
0,,2,,,,,,
0,,2,,,,,,
0,,2,,,,,,
15,,2,,,,,,
15,,2,,,,,,
15,,2,,,,,,
15,,2,,,,,,
15,,2,,,,,,
15,,2,,,,,,
15,,2,,,,,,
15,,2,,,,,,
15,,2,,,,,,
15,,2,,,,,,
15,,2,,,,,,
15,,2,,,,,,
0,,2,,,,,,
0,,2,,,,,,
0,,2,,,,,,
0,,2,,,,,,
0,,2,,,,,,
0,,2,,,,,,
2,,2,,,,,,
2,,2,,,,,,
2,,2,,,,,,
2,,2,,,,,,
2,,2,,,,,,
2,,2,,,,,,
2,,2,,,,,,
2,,2,,,,,,
2,,2,,,,,,
2,,2,,,,,,
2,,2,,,,,,
2,,2,,,,,,
19,,2,,,,,,
19,,2,,,,,,
19,,3,,,,,,
19,,3,,,,,,
19,,3,,,,,,
19,,3,,,,,,
19,,3,,,,,,
19,,3,,,,,,
19,,3,,,,,,
19,,3,,,,,,
19,,3,,,,,,
19,,3,,,,,,
28,,3,,,,,,
28,,3,,,,,,
28,,3,,,,,,
28,,3,,,,,,
28,,3,,,,,,
28,,3,,,,,,
56,,3,,,,,,
56,,3,,,,,,
56,,5,,,,,,
56,,5,,,,,,
56,,5,,,,,,
56,,5,,,,,,
67,,5,,,,,,
67,,5,,,,,,
67,,5,,,,,,
67,,5,,,,,,
67,,5,,,,,,
67,,5,,,,,,
50,,5,,,,,,
50,,5,,,,,,
50,,5,,,,,,
50,,5,,,,,,
50,,5,,,,,,
50,,5,,,,,,
97,,5,,,,,,
97,,5,,,,,,
97,,5,,,,,,
97,,5,,,,,,
97,,5,,,,,,
97,,5,,,,,,
86,,5,,,,,,
86,,5,,,,,,
86,,5,,,,,,
86,,5,,,,,,
86,,5,,,,,,
86,,5,,,,,,
71,,5,,,,,,
71,,5,,,,,,
71,,5,,,,,,
71,,5,,,,,,
71,,5,,,,,,
71,,5,,,,,,
76,,5,,,,,,
76,,5,,,,,,
76,,5,,,,,,
76,,5,,,,,,
76,,5,,,,,,
76,,5,,,,,,
67,,5,,,,,,
67,,5,,,,,,
67,,5,,,,,,
67,,5,,,,,,
67,,5,,,,,,
67,,5,,,,,,
47,,5,,,,,,
47,,5,,,,,,
47,,5,,,,,,
47,,5,,,,,,
47,,5,,,,,,
47,,5,,,,,,
47,,5,,,,,,
47,,5,,,,,,
47,,5,,,,,,
47,,5,,,,,,
47,,5,,,,,,
47,,5,,,,,,
32,,5,,,,,,
32,,5,,,,,,
32,,5,,,,,,
32,,5,,,,,,
32,,5,,,,,,
32,,5,,,,,,
19,,5,,,,,,
19,,5,,,,,,
19,,5,,,,,,
19,,5,,,,,,
19,,5,,,,,,
19,,5,,,,,,
6,,5,,,,,,
6,,5,,,,,,
6,,5,,,,,,
6,,5,,,,,,
6,,5,,,,,,
6,,5,,,,,,
13,,5,,,,,,
13,,5,,,,,,
13,,5,,,,,,
13,,5,,,,,,
13,,5,,,,,,
13,,5,,,,,,
4,,5,,,,,,
4,,5,,,,,,
4,,5,,,,,,
4,,5,,,,,,
4,,5,,,,,,
4,,5,,,,,,
0,,5,,,,,,
0,,8,,,,,,
0,,8,,,,,,
0,,8,,,,,,
0,,8,,,,,,
0,,8,,,,,,
21,,8,,,,,,
21,,8,,,,,,
21,,8,,,,,,
21,,8,,,,,,
21,,8,,,,,,
21,,8,,,,,,
82,,8,,,,,,
82,,8,,,,,,
82,,8,,,,,,
82,,8,,,,,,
82,,8,,,,,,
82,,8,,,,,,
147,,8,,,,,,
147,,8,,,,,,
147,,8,,,,,,
147,,8,,,,,,
147,,8,,,,,,
147,,8,,,,,,
158,,8,,,,,,
158,,8,,,,,,
158,,8,,,,,,
158,,8,,,,,,
158,,8,,,,,,
158,,8,,,,,,
132,,8,,,,,,
132,,8,,,,,,
132,,8,,,,,,
132,,8,,,,,,
132,,8,,,,,,
132,,8,,,,,,
184,,14,,,,,,
184,,14,,,,,,
184,,14,,,,,,
184,,14,,,,,,
184,,14,,,,,,
184,,14,,,,,,
160,,14,,,,,,
160,,14,,,,,,
160,,14,,,,,,
160,,14,,,,,,
160,,14,,,,,,
160,,14,,,,,,
150,,14,,,,,,
150,,14,,,,,,
150,,14,,,,,,
150,,14,,,,,,
150,,14,,,,,,
150,,14,,,,,,
236,,14,,,,,,
236,,14,,,,,,
236,,14,,,,,,
236,,14,,,,,,
236,,14,,,,,,
236,,14,,,,,,
241,,14,,,,,,
241,,14,,,,,,
241,,14,,,,,,
241,,14,,,,,,
241,,14,,,,,,
241,,14,,,,,,
252,,14,,,,,,
252,,14,,,,,,
252,,14,,,,,,
252,,14,,,,,,
252,,14,,,,,,
252,,14,,,,,,
245,,14,,,,,,
245,,14,,,,,,
245,,14,,,,,,
245,,14,,,,,,
245,,14,,,,,,
245,,14,,,,,,
217,,14,,,,,,
217,,14,,,,,,
217,,14,,,,,,
217,,14,,,,,,
217,,14,,,,,,
217,,14,,,,,,
239,,14,,,,,,
239,,14,,,,,,
239,,14,,,,,,
239,,14,,,,,,
239,,14,,,,,,
239,,14,,,,,,
236,,14,,,,,,
236,,14,,,,,,
236,,14,,,,,,
236,,14,,,,,,
236,,14,,,,,,
236,,14,,,,,,
241,,14,,,,,,
241,,14,,,,,,
241,,14,,,,,,
241,,14,,,,,,
241,,14,,,,,,
241,,14,,,,,,
186,,14,,,,,,
186,,14,,,,,,
186,,14,,,,,,
186,,14,,,,,,
186,,14,,,,,,
186,,14,,,,,,
204,,14,,,,,,
204,,14,,,,,,
204,,14,,,,,,
204,,14,,,,,,
204,,14,,,,,,
204,,14,,,,,,
178,,14,,,,,,
178,,14,,,,,,
178,,14,,,,,,
178,,14,,,,,,
178,,14,,,,,,
178,,14,,,,,,
163,,14,,,,,,
163,,14,,,,,,
163,,14,,,,,,
163,,14,,,,,,
163,,14,,,,,,
163,,14,,,,,,
173,,14,,,,,,
173,,14,,,,,,
173,,14,,,,,,
173,,14,,,,,,
173,,14,,,,,,
173,,14,,,,,,
167,,14,,,,,,
167,,14,,,,,,
167,,14,,,,,,
167,,14,,,,,,
167,,14,,,,,,
167,,14,,,,,,
147,,14,,,,,,
147,,14,,,,,,
147,,14,,,,,,
147,,14,,,,,,
147,,14,,,,,,
147,,14,,,,,,
154,,14,,,,,,
154,,14,,,,,,
154,,14,,,,,,
154,,14,,,,,,
154,,14,,,,,,
154,,14,,,,,,
184,,14,,,,,,
184,,14,,,,,,
184,,14,,,,,,
184,,14,,,,,,
184,,14,,,,,,
184,,14,,,,,,
195,,14,,,,,,
195,,14,,,,,,
195,,14,,,,,,
195,,14,,,,,,
195,,14,,,,,,
195,,14,,,,,,
178,,14,,,,,,
178,,14,,,,,,
178,,14,,,,,,
178,,14,,,,,,
178,,14,,,,,,
178,,14,,,,,,
176,,14,,,,,,
176,,14,,,,,,
176,,14,,,,,,
176,,14,,,,,,
176,,14,,,,,,
176,,14,,,,,,
134,,14,,,,,,
134,,14,,,,,,
134,,14,,,,,,
134,,14,,,,,,
134,,14,,,,,,
134,,14,,,,,,
143,,14,,,,,,
143,,14,,,,,,
143,,14,,,,,,
143,,14,,,,,,
143,,14,,,,,,
143,,14,,,,,,
204,,14,,,,,,
204,,14,,,,,,
204,,14,,,,,,
204,,14,,,,,,
204,,14,,,,,,
204,,14,,,,,,
239,,14,,,,,,
239,,14,,,,,,
239,,14,,,,,,
239,,14,,,,,,
239,,14,,,,,,
239,,14,,,,,,
213,,14,,,,,,
213,,14,,,,,,
213,,14,,,,,,
213,,14,,,,,,
213,,14,,,,,,
213,,14,,,,,,
219,,14,,,,,,
219,,14,,,,,,
219,,14,,,,,,
219,,14,,,,,,
219,,14,,,,,,
219,,14,,,,,,
213,,14,,,,,,
213,,14,,,,,,
213,,14,,,,,,
213,,14,,,,,,
213,,14,,,,,,
213,,14,,,,,,
169,,14,,,,,,
169,,14,,,,,,
169,,14,,,,,,
169,,14,,,,,,
169,,14,,,,,,
169,,14,,,,,,
165,,14,,,,,,
165,,14,,,,,,
165,,14,,,,,,
165,,14,,,,,,
165,,14,,,,,,
165,,14,,,,,,
154,,14,,,,,,
154,,14,,,,,,
154,,14,,,,,,
154,,14,,,,,,
154,,14,,,,,,
154,,14,,,,,,
139,,14,,,,,,
139,,14,,,,,,
139,,14,,,,,,
139,,14,,,,,,
139,,14,,,,,,
139,,14,,,,,,
134,,14,,,,,,
134,,14,,,,,,
134,,14,,,,,,
134,,14,,,,,,
134,,14,,,,,,
134,,14,,,,,,
104,,14,,,,,,
104,,14,,,,,,
104,,14,,,,,,
104,,14,,,,,,
104,,14,,,,,,
104,,14,,,,,,
73,,14,,,,,,
73,,14,,,,,,
73,,14,,,,,,
73,,14,,,,,,
73,,14,,,,,,
73,,14,,,,,,
121,,14,,,,,,
121,,14,,,,,,
121,,14,,,,,,
121,,14,,,,,,
121,,14,,,,,,
121,,14,,,,,,
128,,14,,,,,,
128,,14,,,,,,
128,,14,,,,,,
128,,14,,,,,,
128,,14,,,,,,
128,,14,,,,,,
126,,14,,,,,,
126,,14,,,,,,
126,,14,,,,,,
126,,14,,,,,,
126,,14,,,,,,
126,,14,,,,,,
86,,14,,,,,,
86,,14,,,,,,
86,,14,,,,,,
86,,14,,,,,,
86,,14,,,,,,
86,,14,,,,,,
63,,14,,,,,,
63,,14,,,,,,
63,,14,,,,,,
63,,14,,,,,,
63,,14,,,,,,
63,,14,,,,,,
60,,14,,,,,,
60,,14,,,,,,
60,,14,,,,,,
60,,14,,,,,,
60,,14,,,,,,
60,,14,,,,,,
84,,14,,,,,,
84,,14,,,,,,
84,,14,,,,,,
84,,14,,,,,,
84,,14,,,,,,
84,,14,,,,,,
65,,14,,,,,,
65,,14,,,,,,
65,,14,,,,,,
65,,14,,,,,,
65,,14,,,,,,
65,,14,,,,,,
69,,14,,,,,,
69,,14,,,,,,
69,,14,,,,,,
69,,14,,,,,,
69,,14,,,,,,
69,,14,,,,,,
54,,14,,,,,,
54,,14,,,,,,
54,,14,,,,,,
54,,14,,,,,,
54,,14,,,,,,
54,,14,,,,,,
39,,14,,,,,,
39,,14,,,,,,
39,,14,,,,,,
39,,14,,,,,,
39,,14,,,,,,
39,,14,,,,,,
28,,14,,,,,,
28,,14,,,,,,
28,,14,,,,,,
28,,14,,,,,,
28,,14,,,,,,
28,,14,,,,,,
26,,14,,,,,,
26,,14,,,,,,
26,,14,,,,,,
26,,14,,,,,,
26,,14,,,,,,
26,,14,,,,,,
21,,14,,,,,,
21,,14,,,,,,
21,,13,,,,,,
21,,13,,,,,,
21,,13,,,,,,
21,,12,,,,,,
21,,12,,,,,,
21,,12,,,,,,
21,,12,,,,,,
21,,12,,,,,,
21,,12,,,,,,
21,,12,,,,,,
34,,12,,,,,,
34,,12,,,,,,
34,,11,,,,,,
34,,11,,,,,,
34,,11,,,,,,
34,,11,,,,,,
21,,11,,,,,,
21,,11,,,,,,
21,,11,,,,,,
21,,11,,,,,,
21,,11,,,,,,
21,,11,,,,,,
32,,11,,,,,,
32,,11,,,,,,
32,,11,,,,,,
32,,11,,,,,,
32,,11,,,,,,
32,,11,,,,,,
54,,11,,,,,,
54,,11,,,,,,
54,,11,,,,,,
54,,11,,,,,,
54,,11,,,,,,
54,,11,,,,,,
39,,11,,,,,,
39,,11,,,,,,
39,,11,,,,,,
39,,11,,,,,,
39,,11,,,,,,
39,,11,,,,,,
60,,11,,,,,,
60,,11,,,,,,
60,,11,,,,,,
60,,11,,,,,,
60,,11,,,,,,
60,,11,,,,,,
54,,11,,,,,,
54,,11,,,,,,
54,,11,,,,,,
54,,11,,,,,,
54,,11,,,,,,
54,,11,,,,,,
32,,11,,,,,,
32,,11,,,,,,
32,,11,,,,,,
32,,11,,,,,,
32,,11,,,,,,
32,,11,,,,,,
26,,11,,,,,,
26,,11,,,,,,
26,,11,,,,,,
26,,11,,,,,,
26,,11,,,,,,
26,,11,,,,,,
30,,11,,,,,,
30,,11,,,,,,
30,,11,,,,,,
30,,11,,,,,,
30,,11,,,,,,
30,,11,,,,,,
36,,11,,,,,,
36,,11,,,,,,
36,,11,,,,,,
36,,11,,,,,,
36,,11,,,,,,
36,,11,,,,,,
39,,11,,,,,,
39,,11,,,,,,
39,,11,,,,,,
39,,11,,,,,,
39,,11,,,,,,
39,,11,,,,,,
23,,11,,,,,,
23,,11,,,,,,
23,,11,,,,,,
23,,11,,,,,,
23,,11,,,,,,
23,,11,,,,,,
4,,11,,,,,,
4,,11,,,,,,
4,,11,,,,,,
4,,11,,,,,,
4,,11,,,,,,
4,,11,,,,,,
28,,11,,,,,,
28,,11,,,,,,
28,,11,,,,,,
28,,11,,,,,,
28,,11,,,,,,
28,,11,,,,,,
54,,11,,,,,,
54,,11,,,,,,
54,,11,,,,,,
54,,11,,,,,,
54,,11,,,,,,
54,,11,,,,,,
36,,11,,,,,,
36,,11,,,,,,
36,,11,,,,,,
36,,11,,,,,,
36,,11,,,,,,
36,,11,,,,,,
47,,11,,,,,,
47,,11,,,,,,
47,,11,,,,,,
47,,11,,,,,,
47,,11,,,,,,
47,,11,,,,,,
47,,11,,,,,,
47,,11,,,,,,
47,,11,,,,,,
47,,11,,,,,,
47,,11,,,,,,
47,,11,,,,,,
23,,11,,,,,,
23,,11,,,,,,
23,,11,,,,,,
23,,11,,,,,,
23,,11,,,,,,
23,,11,,,,,,
34,,11,,,,,,
34,,11,,,,,,
34,,11,,,,,,
34,,11,,,,,,
34,,11,,,,,,
34,,10,,,,,,
39,,10,,,,,,
39,,10,,,,,,
39,,9,,,,,,
39,,9,,,,,,
39,,9,,,,,,
39,,9,,,,,,
34,,9,,,,,,
34,,9,,,,,,
34,,9,,,,,,
34,,9,,,,,,
34,,9,,,,,,
34,,9,,,,,,
28,,9,,,,,,
28,,9,,,,,,
28,,9,,,,,,
28,,9,,,,,,
28,,9,,,,,,
28,,8,,,,,,
10,,8,,,,,,
10,,8,,,,,,
10,,8,,,,,,
10,,8,,,,,,
10,,8,,,,,,
10,,8,,,,,,
0,,8,,,,,,
0,,8,,,,,,
0,,8,,,,,,
0,,8,,,,,,
0,,8,,,,,,
0,,7,,,,,,
2,,7,,,,,,
2,,7,,,,,,
2,,7,,,,,,
2,,7,,,,,,
2,,7,,,,,,
2,,7,,,,,,
23,,7,,,,,,
23,,7,,,,,,
23,,7,,,,,,
23,,7,,,,,,
23,,7,,,,,,
23,,7,,,,,,
28,,7,,,,,,
28,,7,,,,,,
28,,7,,,,,,
28,,7,,,,,,
28,,7,,,,,,
28,,6,,,,,,
23,,6,,,,,,
23,,6,,,,,,
23,,6,,,,,,
23,,6,,,,,,
23,,6,,,,,,
23,,6,,,,,,
21,,6,,,,,,
21,,6,,,,,,
21,,6,,,,,,
21,,6,,,,,,
21,,6,,,,,,
21,,6,,,,,,
13,,6,,,,,,
13,,6,,,,,,
13,,6,,,,,,
13,,6,,,,,,
13,,6,,,,,,
13,,6,,,,,,
10,,6,,,,,,
10,,6,,,,,,
10,,6,,,,,,
10,,6,,,,,,
10,,6,,,,,,
10,,6,,,,,,
17,,6,,,,,,
17,,6,,,,,,
17,,5,,,,,,
17,,5,,,,,,
17,,5,,,,,,
17,,4,,,,,,
21,,4,,,,,,
21,,4,,,,,,
21,,4,,,,,,
21,,4,,,,,,
21,,4,,,,,,
21,,4,,,,,,
15,,4,,,,,,
15,,4,,,,,,
15,,4,,,,,,
15,,4,,,,,,
15,,4,,,,,,
15,,4,,,,,,
8,,4,,,,,,
8,,4,,,,,,
8,,4,,,,,,
8,,4,,,,,,
8,,4,,,,,,
8,,4,,,,,,
0,,4,,,,,,
0,,4,,,,,,
0,,3,,,,,,
0,,3,,,,,,
0,,3,,,,,,
0,,3,,,,,,
15,,3,,,,,,
15,,3,,,,,,
15,,3,,,,,,
15,,3,,,,,,
15,,3,,,,,,
15,,3,,,,,,
28,,3,,,,,,
28,,3,,,,,,
28,,3,,,,,,
28,,3,,,,,,
28,,3,,,,,,
28,,3,,,,,,
23,,3,,,,,,
23,,3,,,,,,
23,,3,,,,,,
23,,3,,,,,,
23,,3,,,,,,
23,,3,,,,,,
23,,3,,,,,,
23,,3,,,,,,
23,,3,,,,,,
23,,3,,,,,,
23,,3,,,,,,
23,,3,,,,,,
13,,3,,,,,,
13,,3,,,,,,
13,,3,,,,,,
13,,3,,,,,,
13,,3,,,,,,
13,,3,,,,,,
13,,3,,,,,,
13,,3,,,,,,
13,,3,,,,,,
13,,3,,,,,,
13,,3,,,,,,
13,,3,,,,,,
2,,3,,,,,,
2,,3,,,,,,
2,,3,,,,,,
2,,3,,,,,,
2,,3,,,,,,
2,,3,,,,,,
2,,3,,,,,,
2,,3,,,,,,
2,,3,,,,,,
2,,3,,,,,,
2,,3,,,,,,
2,,3,,,,,,
0,,3,,,,,,
0,,3,,,,,,
0,,3,,,,,,
0,,3,,,,,,
0,,3,,,,,,
0,,3,,,,,,
4,,3,,,,,,
4,,3,,,,,,
4,,3,,,,,,
4,,3,,,,,,
4,,3,,,,,,
4,,3,,,,,,
0,,3,,,,,,
0,,3,,,,,,
0,,3,,,,,,
0,,3,,,,,,
0,,3,,,,,,
0,,3,,,,,,
0,,3,,,,,,
0,,3,,,,,,
0,,3,,,,,,
0,,3,,,,,,
0,,3,,,,,,
0,,3,,,,,,
0,,3,,,,,,
0,,3,,,,,,
0,,3,,,,,,
0,,3,,,,,,
0,,3,,,,,,
0,,3,,,,,,
0,,3,,,,,,
0,,3,,,,,,
0,,3,,,,,,
0,,3,,,,,,
0,,3,,,,,,
0,,3,,,,,,
0,,3,,,,,,
0,,3,,,,,,
0,,3,,,,,,
0,,3,,,,,,
0,,3,,,,,,
0,,3,,,,,,
0,,3,,,,,,
0,,3,,,,,,
0,,3,,,,,,
0,,3,,,,,,
0,,3,,,,,,
0,,3,,,,,,
0,,3,,,,,,
0,,3,,,,,,
0,,3,,,,,,
0,,3,,,,,,
0,,3,,,,,,
0,,3,,,,,,
0,,3,,,,,,
0,,3,,,,,,
0,,3,,,,,,
0,,3,,,,,,
0,,3,,,,,,
0,,3,,,,,,
0,,3,,,,,,
0,,3,,,,,,
0,,3,,,,,,
0,,3,,,,,,
0,,3,,,,,,
0,,3,,,,,,
0,,3,,,,,,
0,,3,,,,,,
0,,3,,,,,,
0,,3,,,,,,
0,,3,,,,,,
0,,3,,,,,,
2,,3,,,,,,
2,,3,,,,,,
2,,3,,,,,,
2,,3,,,,,,
2,,3,,,,,,
2,,3,,,,,,
4,,3,,,,,,
4,,3,,,,,,
4,,3,,,,,,
4,,3,,,,,,
4,,3,,,,,,
4,,3,,,,,,
13,,3,,,,,,
13,,3,,,,,,
13,,3,,,,,,
13,,3,,,,,,
13,,3,,,,,,
13,,3,,,,,,
8,,3,,,,,,
8,,3,,,,,,
8,,3,,,,,,
8,,3,,,,,,
8,,3,,,,,,
8,,3,,,,,,
39,,3,,,,,,
39,,3,,,,,,
39,,3,,,,,,
39,,3,,,,,,
39,,3,,,,,,
39,,3,,,,,,
36,,3,,,,,,
36,,3,,,,,,
36,,3,,,,,,
36,,3,,,,,,
36,,3,,,,,,
36,,3,,,,,,
41,,3,,,,,,
41,,3,,,,,,
41,,3,,,,,,
41,,3,,,,,,
41,,3,,,,,,
41,,3,,,,,,
50,,3,,,,,,
50,,3,,,,,,
50,,3,,,,,,
50,,3,,,,,,
50,,3,,,,,,
50,,3,,,,,,
60,,3,,,,,,
60,,3,,,,,,
60,,3,,,,,,
60,,3,,,,,,
60,,3,,,,,,
60,,3,,,,,,
50,,3,,,,,,
50,,3,,,,,,
50,,3,,,,,,
50,,3,,,,,,
50,,3,,,,,,
50,,3,,,,,,
58,,3,,,,,,
58,,3,,,,,,
58,,3,,,,,,
58,,3,,,,,,
58,,3,,,,,,
58,,3,,,,,,
58,,3,,,,,,
58,,3,,,,,,
58,,3,,,,,,
58,,3,,,,,,
58,,3,,,,,,
58,,4,,,,,,
52,,4,,,,,,
52,,4,,,,,,
52,,4,,,,,,
52,,4,,,,,,
52,,4,,,,,,
52,,4,,,,,,
47,,4,,,,,,
47,,4,,,,,,
47,,4,,,,,,
47,,4,,,,,,
47,,4,,,,,,
47,,4,,,,,,
39,,4,,,,,,
39,,4,,,,,,
39,,4,,,,,,
39,,4,,,,,,
39,,4,,,,,,
39,,4,,,,,,
34,,4,,,,,,
34,,4,,,,,,
34,,4,,,,,,
34,,4,,,,,,
34,,4,,,,,,
34,,4,,,,,,
50,,4,,,,,,
50,,4,,,,,,
50,,4,,,,,,
50,,4,,,,,,
50,,4,,,,,,
50,,4,,,,,,
84,,4,,,,,,
84,,4,,,,,,
84,,4,,,,,,
84,,4,,,,,,
84,,4,,,,,,
84,,4,,,,,,
84,,4,,,,,,
84,,4,,,,,,
84,,4,,,,,,
84,,4,,,,,,
84,,4,,,,,,
84,,4,,,,,,
65,,4,,,,,,
65,,4,,,,,,
65,,4,,,,,,
65,,4,,,,,,
65,,4,,,,,,
65,,4,,,,,,
54,,4,,,,,,
54,,4,,,,,,
54,,4,,,,,,
54,,4,,,,,,
54,,4,,,,,,
54,,4,,,,,,
50,,4,,,,,,
50,,4,,,,,,
50,,4,,,,,,
50,,4,,,,,,
50,,8,,,,,,
50,,8,,,,,,
47,,8,,,,,,
47,,8,,,,,,
47,,8,,,,,,
47,,8,,,,,,
47,,14,,,,,,
47,,14,,,,,,
63,,14,,,,,,
63,,14,,,,,,
63,,14,,,,,,
63,,14,,,,,,
63,,14,,,,,,
63,,14,,,,,,
69,,14,,,,,,
69,,14,,,,,,
69,,14,,,,,,
69,,14,,,,,,
69,,14,,,,,,
69,,14,,,,,,
47,,14,,,,,,
47,,14,,,,,,
47,,14,,,,,,
47,,14,,,,,,
47,,14,,,,,,
47,,14,,,,,,
47,,14,,,,,,
47,,14,,,,,,
47,,14,,,,,,
47,,14,,,,,,
47,,14,,,,,,
47,,14,,,,,,
136,,14,,,,,,
136,,14,,,,,,
136,,14,,,,,,
136,,14,,,,,,
136,,14,,,,,,
136,,14,,,,,,
236,,14,,,,,,
236,,14,,,,,,
236,,14,,,,,,
236,,14,,,,,,
236,,14,,,,,,
236,,14,,,,,,
249,,14,,,,,,
249,,14,,,,,,
249,,14,,,,,,
249,,14,,,,,,
249,,14,,,,,,
249,,14,,,,,,
247,,14,,,,,,
247,,14,,,,,,
247,,14,,,,,,
247,,14,,,,,,
247,,14,,,,,,
247,,14,,,,,,
256,,14,,,,,,
256,,14,,,,,,
256,,14,,,,,,
256,,14,,,,,,
256,,14,,,,,,
256,,14,,,,,,
219,,14,,,,,,
219,,14,,,,,,
219,,14,,,,,,
219,,14,,,,,,
219,,14,,,,,,
219,,14,,,,,,
230,,14,,,,,,
230,,14,,,,,,
230,,14,,,,,,
230,,14,,,,,,
230,,14,,,,,,
230,,14,,,,,,
189,,14,,,,,,
189,,14,,,,,,
189,,14,,,,,,
189,,14,,,,,,
189,,14,,,,,,
189,,14,,,,,,
193,,14,,,,,,
193,,14,,,,,,
193,,14,,,,,,
193,,14,,,,,,
193,,14,,,,,,
193,,14,,,,,,
163,,14,,,,,,
163,,14,,,,,,
163,,14,,,,,,
163,,14,,,,,,
163,,14,,,,,,
163,,14,,,,,,
158,,14,,,,,,
158,,14,,,,,,
158,,14,,,,,,
158,,14,,,,,,
158,,14,,,,,,
158,,14,,,,,,
158,,14,,,,,,
158,,14,,,,,,
158,,14,,,,,,
158,,14,,,,,,
158,,14,,,,,,
158,,14,,,,,,
228,,14,,,,,,
228,,14,,,,,,
228,,14,,,,,,
228,,14,,,,,,
228,,14,,,,,,
228,,14,,,,,,
219,,14,,,,,,
219,,14,,,,,,
219,,14,,,,,,
219,,14,,,,,,
219,,14,,,,,,
219,,14,,,,,,
206,,14,,,,,,
206,,14,,,,,,
206,,14,,,,,,
206,,14,,,,,,
206,,14,,,,,,
206,,14,,,,,,
160,,14,,,,,,
160,,14,,,,,,
160,,14,,,,,,
160,,14,,,,,,
160,,14,,,,,,
160,,14,,,,,,
173,,14,,,,,,
173,,14,,,,,,
173,,14,,,,,,
173,,14,,,,,,
173,,14,,,,,,
173,,14,,,,,,
193,,14,,,,,,
193,,14,,,,,,
193,,14,,,,,,
193,,14,,,,,,
193,,14,,,,,,
193,,14,,,,,,
173,,14,,,,,,
173,,14,,,,,,
173,,14,,,,,,
173,,14,,,,,,
173,,14,,,,,,
173,,14,,,,,,
186,,14,,,,,,
186,,14,,,,,,
186,,14,,,,,,
186,,14,,,,,,
186,,14,,,,,,
186,,14,,,,,,
213,,14,,,,,,
213,,14,,,,,,
213,,14,,,,,,
213,,14,,,,,,
213,,14,,,,,,
213,,14,,,,,,
180,,14,,,,,,
180,,14,,,,,,
180,,14,,,,,,
180,,14,,,,,,
180,,14,,,,,,
180,,14,,,,,,
193,,14,,,,,,
193,,14,,,,,,
193,,14,,,,,,
193,,14,,,,,,
193,,14,,,,,,
193,,14,,,,,,
204,,14,,,,,,
204,,14,,,,,,
204,,14,,,,,,
204,,14,,,,,,
204,,14,,,,,,
204,,14,,,,,,
184,,14,,,,,,
184,,14,,,,,,
184,,14,,,,,,
184,,14,,,,,,
184,,14,,,,,,
184,,14,,,,,,
197,,14,,,,,,
197,,14,,,,,,
197,,14,,,,,,
197,,14,,,,,,
197,,14,,,,,,
197,,14,,,,,,
158,,14,,,,,,
158,,14,,,,,,
158,,14,,,,,,
158,,14,,,,,,
158,,14,,,,,,
158,,14,,,,,,
154,,14,,,,,,
154,,14,,,,,,
154,,14,,,,,,
154,,14,,,,,,
154,,14,,,,,,
154,,14,,,,,,
171,,14,,,,,,
171,,14,,,,,,
171,,14,,,,,,
171,,14,,,,,,
171,,14,,,,,,
171,,14,,,,,,
136,,14,,,,,,
136,,14,,,,,,
136,,14,,,,,,
136,,14,,,,,,
136,,14,,,,,,
136,,14,,,,,,
104,,14,,,,,,
104,,14,,,,,,
104,,14,,,,,,
104,,14,,,,,,
104,,14,,,,,,
104,,14,,,,,,
95,,14,,,,,,
95,,14,,,,,,
95,,14,,,,,,
95,,14,,,,,,
95,,14,,,,,,
95,,14,,,,,,
126,,14,,,,,,
126,,14,,,,,,
126,,14,,,,,,
126,,14,,,,,,
126,,14,,,,,,
126,,14,,,,,,
134,,14,,,,,,
134,,14,,,,,,
134,,14,,,,,,
134,,14,,,,,,
134,,14,,,,,,
134,,14,,,,,,
173,,14,,,,,,
173,,14,,,,,,
173,,14,,,,,,
173,,14,,,,,,
173,,14,,,,,,
173,,14,,,,,,
169,,14,,,,,,
169,,14,,,,,,
169,,14,,,,,,
169,,14,,,,,,
169,,14,,,,,,
169,,14,,,,,,
156,,14,,,,,,
156,,14,,,,,,
156,,14,,,,,,
156,,14,,,,,,
156,,14,,,,,,
156,,14,,,,,,
173,,14,,,,,,
173,,14,,,,,,
173,,14,,,,,,
173,,14,,,,,,
173,,14,,,,,,
173,,14,,,,,,
189,,14,,,,,,
189,,14,,,,,,
189,,14,,,,,,
189,,14,,,,,,
189,,14,,,,,,
189,,14,,,,,,
158,,14,,,,,,
158,,14,,,,,,
158,,14,,,,,,
158,,14,,,,,,
158,,14,,,,,,
158,,14,,,,,,
160,,14,,,,,,
160,,14,,,,,,
160,,14,,,,,,
160,,14,,,,,,
160,,14,,,,,,
160,,14,,,,,,
145,,14,,,,,,
145,,14,,,,,,
145,,14,,,,,,
145,,14,,,,,,
145,,14,,,,,,
145,,14,,,,,,
126,,14,,,,,,
126,,14,,,,,,
126,,14,,,,,,
126,,14,,,,,,
126,,14,,,,,,
126,,14,,,,,,
84,,14,,,,,,
84,,14,,,,,,
84,,14,,,,,,
84,,14,,,,,,
84,,14,,,,,,
84,,14,,,,,,
84,,14,,,,,,
84,,14,,,,,,
84,,14,,,,,,
84,,14,,,,,,
84,,14,,,,,,
84,,14,,,,,,
76,,14,,,,,,
76,,14,,,,,,
76,,14,,,,,,
76,,14,,,,,,
76,,14,,,,,,
76,,13,,,,,,
84,,13,,,,,,
84,,13,,,,,,
84,,13,,,,,,
84,,13,,,,,,
84,,13,,,,,,
84,,13,,,,,,
95,,13,,,,,,
95,,13,,,,,,
95,,13,,,,,,
95,,13,,,,,,
95,,13,,,,,,
95,,13,,,,,,
84,,13,,,,,,
84,,13,,,,,,
84,,13,,,,,,
84,,13,,,,,,
84,,13,,,,,,
84,,13,,,,,,
100,,13,,,,,,
100,,13,,,,,,
100,,13,,,,,,
100,,13,,,,,,
100,,13,,,,,,
100,,13,,,,,,
130,,13,,,,,,
130,,13,,,,,,
130,,13,,,,,,
130,,13,,,,,,
130,,13,,,,,,
130,,12,,,,,,
123,,12,,,,,,
123,,12,,,,,,
123,,11,,,,,,
123,,11,,,,,,
123,,11,,,,,,
123,,11,,,,,,
117,,11,,,,,,
117,,11,,,,,,
117,,11,,,,,,
117,,11,,,,,,
117,,11,,,,,,
117,,11,,,,,,
93,,11,,,,,,
93,,11,,,,,,
93,,11,,,,,,
93,,11,,,,,,
93,,11,,,,,,
93,,11,,,,,,
69,,11,,,,,,
69,,11,,,,,,
69,,11,,,,,,
69,,11,,,,,,
69,,11,,,,,,
69,,11,,,,,,
78,,11,,,,,,
78,,11,,,,,,
78,,11,,,,,,
78,,11,,,,,,
78,,11,,,,,,
78,,11,,,,,,
54,,11,,,,,,
54,,11,,,,,,
54,,11,,,,,,
54,,11,,,,,,
54,,11,,,,,,
54,,11,,,,,,
60,,11,,,,,,
60,,11,,,,,,
60,,10,,,,,,
60,,10,,,,,,
60,,10,,,,,,
60,,10,,,,,,
43,,10,,,,,,
43,,10,,,,,,
43,,10,,,,,,
43,,10,,,,,,
43,,10,,,,,,
43,,10,,,,,,
43,,10,,,,,,
43,,10,,,,,,
43,,10,,,,,,
43,,10,,,,,,
43,,10,,,,,,
43,,10,,,,,,
39,,10,,,,,,
39,,10,,,,,,
39,,10,,,,,,
39,,10,,,,,,
39,,10,,,,,,
39,,10,,,,,,
39,,10,,,,,,
39,,10,,,,,,
39,,10,,,,,,
39,,10,,,,,,
39,,10,,,,,,
39,,10,,,,,,
43,,10,,,,,,
43,,10,,,,,,
43,,10,,,,,,
43,,10,,,,,,
43,,10,,,,,,
43,,10,,,,,,
34,,10,,,,,,
34,,10,,,,,,
34,,10,,,,,,
34,,10,,,,,,
34,,10,,,,,,
34,,10,,,,,,
47,,10,,,,,,
47,,10,,,,,,
47,,10,,,,,,
47,,10,,,,,,
47,,10,,,,,,
47,,9,,,,,,
41,,9,,,,,,
41,,9,,,,,,
41,,9,,,,,,
41,,9,,,,,,
41,,9,,,,,,
41,,9,,,,,,
58,,9,,,,,,
58,,9,,,,,,
58,,9,,,,,,
58,,9,,,,,,
58,,9,,,,,,
58,,9,,,,,,
69,,9,,,,,,
69,,9,,,,,,
69,,9,,,,,,
69,,9,,,,,,
69,,9,,,,,,
69,,8,,,,,,
54,,8,,,,,,
54,,8,,,,,,
54,,8,,,,,,
54,,8,,,,,,
54,,8,,,,,,
54,,8,,,,,,
71,,8,,,,,,
71,,8,,,,,,
71,,8,,,,,,
71,,8,,,,,,
71,,8,,,,,,
71,,8,,,,,,
60,,8,,,,,,
60,,8,,,,,,
60,,8,,,,,,
60,,8,,,,,,
60,,8,,,,,,
60,,8,,,,,,
52,,8,,,,,,
52,,8,,,,,,
52,,8,,,,,,
52,,8,,,,,,
52,,8,,,,,,
52,,8,,,,,,
45,,8,,,,,,
45,,8,,,,,,
45,,8,,,,,,
45,,8,,,,,,
45,,8,,,,,,
45,,8,,,,,,
45,,8,,,,,,
45,,8,,,,,,
45,,8,,,,,,
45,,8,,,,,,
45,,8,,,,,,
45,,8,,,,,,
47,,8,,,,,,
47,,8,,,,,,
47,,8,,,,,,
47,,8,,,,,,
47,,8,,,,,,
47,,8,,,,,,
45,,8,,,,,,
45,,8,,,,,,
45,,8,,,,,,
45,,8,,,,,,
45,,8,,,,,,
45,,8,,,,,,
50,,8,,,,,,
50,,8,,,,,,
50,,8,,,,,,
50,,8,,,,,,
50,,8,,,,,,
50,,8,,,,,,
43,,8,,,,,,
43,,8,,,,,,
43,,8,,,,,,
43,,8,,,,,,
43,,8,,,,,,
43,,8,,,,,,
41,,8,,,,,,
41,,8,,,,,,
41,,8,,,,,,
41,,8,,,,,,
41,,8,,,,,,
41,,8,,,,,,
30,,8,,,,,,
30,,8,,,,,,
30,,8,,,,,,
30,,8,,,,,,
30,,8,,,,,,
30,,8,,,,,,
47,,8,,,,,,
47,,8,,,,,,
47,,8,,,,,,
47,,8,,,,,,
47,,8,,,,,,
47,,8,,,,,,
50,,8,,,,,,
50,,8,,,,,,
50,,8,,,,,,
50,,8,,,,,,
50,,8,,,,,,
50,,8,,,,,,
65,,8,,,,,,
65,,8,,,,,,
65,,8,,,,,,
65,,8,,,,,,
65,,8,,,,,,
65,,8,,,,,,
69,,8,,,,,,
69,,8,,,,,,
69,,8,,,,,,
69,,8,,,,,,
69,,8,,,,,,
69,,8,,,,,,
60,,8,,,,,,
60,,8,,,,,,
60,,7,,,,,,
60,,7,,,,,,
60,,7,,,,,,
60,,7,,,,,,
76,,7,,,,,,
76,,7,,,,,,
76,,6,,,,,,
76,,6,,,,,,
76,,6,,,,,,
76,,6,,,,,,
71,,6,,,,,,
71,,6,,,,,,
71,,6,,,,,,
71,,6,,,,,,
71,,6,,,,,,
71,,6,,,,,,
63,,6,,,,,,
63,,6,,,,,,
63,,6,,,,,,
63,,6,,,,,,
63,,6,,,,,,
63,,6,,,,,,
60,,6,,,,,,
60,,6,,,,,,
60,,6,,,,,,
60,,6,,,,,,
60,,6,,,,,,
60,,6,,,,,,
47,,6,,,,,,
47,,6,,,,,,
47,,6,,,,,,
47,,6,,,,,,
47,,6,,,,,,
47,,6,,,,,,
47,,6,,,,,,
47,,6,,,,,,
47,,6,,,,,,
47,,6,,,,,,
47,,6,,,,,,
47,,6,,,,,,
67,,6,,,,,,
67,,6,,,,,,
67,,6,,,,,,
67,,6,,,,,,
67,,6,,,,,,
67,,6,,,,,,
63,,6,,,,,,
63,,6,,,,,,
63,,6,,,,,,
63,,6,,,,,,
63,,6,,,,,,
63,,6,,,,,,
56,,6,,,,,,
56,,6,,,,,,
56,,6,,,,,,
56,,6,,,,,,
56,,6,,,,,,
56,,6,,,,,,
52,,6,,,,,,
52,,6,,,,,,
52,,6,,,,,,
52,,6,,,,,,
52,,6,,,,,,
52,,6,,,,,,
43,,6,,,,,,
43,,6,,,,,,
43,,6,,,,,,
43,,6,,,,,,
43,,6,,,,,,
43,,5,,,,,,
54,,5,,,,,,
54,,5,,,,,,
54,,5,,,,,,
54,,5,,,,,,
54,,5,,,,,,
54,,4,,,,,,
36,,4,,,,,,
36,,4,,,,,,
36,,4,,,,,,
36,,4,,,,,,
36,,4,,,,,,
36,,4,,,,,,
36,,4,,,,,,
36,,4,,,,,,
36,,4,,,,,,
36,,4,,,,,,
36,,4,,,,,,
36,,4,,,,,,
41,,4,,,,,,
41,,4,,,,,,
41,,4,,,,,,
41,,4,,,,,,
41,,4,,,,,,
41,,4,,,,,,
32,,4,,,,,,
32,,4,,,,,,
32,,4,,,,,,
32,,4,,,,,,
32,,4,,,,,,
32,,4,,,,,,
26,,4,,,,,,
26,,4,,,,,,
26,,4,,,,,,
26,,4,,,,,,
26,,4,,,,,,
26,,4,,,,,,
36,,4,,,,,,
36,,4,,,,,,
36,,4,,,,,,
36,,4,,,,,,
36,,4,,,,,,
36,,4,,,,,,
43,,4,,,,,,
43,,4,,,,,,
43,,4,,,,,,
43,,4,,,,,,
43,,4,,,,,,
43,,4,,,,,,
43,,4,,,,,,
43,,4,,,,,,
43,,4,,,,,,
43,,4,,,,,,
43,,4,,,,,,
43,,4,,,,,,
32,,4,,,,,,
32,,4,,,,,,
32,,4,,,,,,
32,,4,,,,,,
32,,4,,,,,,
32,,4,,,,,,
36,,4,,,,,,
36,,4,,,,,,
36,,4,,,,,,
36,,4,,,,,,
36,,4,,,,,,
36,,4,,,,,,
47,,4,,,,,,
47,,4,,,,,,
47,,4,,,,,,
47,,4,,,,,,
47,,4,,,,,,
47,,4,,,,,,
43,,4,,,,,,
43,,4,,,,,,
43,,4,,,,,,
43,,4,,,,,,
43,,4,,,,,,
43,,4,,,,,,
32,,4,,,,,,
32,,4,,,,,,
32,,4,,,,,,
32,,4,,,,,,
32,,4,,,,,,
32,,4,,,,,,
30,,4,,,,,,
30,,4,,,,,,
30,,4,,,,,,
30,,4,,,,,,
30,,4,,,,,,
30,,4,,,,,,
36,,4,,,,,,
36,,4,,,,,,
36,,4,,,,,,
36,,4,,,,,,
36,,4,,,,,,
36,,4,,,,,,
54,,4,,,,,,
54,,4,,,,,,
54,,4,,,,,,
54,,4,,,,,,
54,,4,,,,,,
54,,4,,,,,,
63,,4,,,,,,
63,,4,,,,,,
63,,4,,,,,,
63,,4,,,,,,
63,,4,,,,,,
63,,4,,,,,,
73,,4,,,,,,
73,,4,,,,,,
73,,4,,,,,,
73,,4,,,,,,
73,,4,,,,,,
73,,4,,,,,,
52,,4,,,,,,
52,,5,,,,,,
52,,5,,,,,,
52,,5,,,,,,
52,,5,,,,,,
52,,5,,,,,,
73,,5,,,,,,
73,,5,,,,,,
73,,5,,,,,,
73,,5,,,,,,
73,,5,,,,,,
73,,5,,,,,,
69,,5,,,,,,
69,,5,,,,,,
69,,5,,,,,,
69,,5,,,,,,
69,,5,,,,,,
69,,5,,,,,,
67,,5,,,,,,
67,,5,,,,,,
67,,5,,,,,,
67,,5,,,,,,
67,,5,,,,,,
67,,5,,,,,,
54,,5,,,,,,
54,,5,,,,,,
54,,5,,,,,,
54,,5,,,,,,
54,,5,,,,,,
54,,5,,,,,,
84,,5,,,,,,
84,,5,,,,,,
84,,5,,,,,,
84,,5,,,,,,
84,,5,,,,,,
84,,5,,,,,,
50,,5,,,,,,
50,,5,,,,,,
50,,5,,,,,,
50,,5,,,,,,
50,,5,,,,,,
50,,5,,,,,,
71,,5,,,,,,
71,,5,,,,,,
71,,5,,,,,,
71,,5,,,,,,
71,,5,,,,,,
71,,5,,,,,,
93,,5,,,,,,
93,,5,,,,,,
93,,5,,,,,,
93,,5,,,,,,
93,,5,,,,,,
93,,5,,,,,,
80,,5,,,,,,
80,,5,,,,,,
80,,5,,,,,,
80,,5,,,,,,
80,,5,,,,,,
80,,5,,,,,,
60,,5,,,,,,
60,,5,,,,,,
60,,5,,,,,,
60,,5,,,,,,
60,,5,,,,,,
60,,5,,,,,,
60,,5,,,,,,
60,,5,,,,,,
60,,5,,,,,,
60,,5,,,,,,
60,,5,,,,,,
60,,5,,,,,,
60,,5,,,,,,
60,,5,,,,,,
60,,5,,,,,,
60,,5,,,,,,
60,,5,,,,,,
60,,5,,,,,,
76,,5,,,,,,
76,,5,,,,,,
76,,5,,,,,,
76,,5,,,,,,
76,,5,,,,,,
76,,5,,,,,,
71,,5,,,,,,
71,,5,,,,,,
71,,5,,,,,,
71,,5,,,,,,
71,,5,,,,,,
71,,5,,,,,,
50,,5,,,,,,
50,,5,,,,,,
50,,5,,,,,,
50,,5,,,,,,
50,,5,,,,,,
50,,6,,,,,,
36,,6,,,,,,
36,,6,,,,,,
36,,6,,,,,,
36,,6,,,,,,
36,,6,,,,,,
36,,6,,,,,,
26,,6,,,,,,
26,,6,,,,,,
26,,6,,,,,,
26,,6,,,,,,
26,,6,,,,,,
26,,14,,,,,,
41,,14,,,,,,
41,,14,,,,,,
41,,14,,,,,,
41,,14,,,,,,
41,,14,,,,,,
41,,14,,,,,,
32,,14,,,,,,
32,,14,,,,,,
32,,14,,,,,,
32,,14,,,,,,
32,,14,,,,,,
32,,14,,,,,,
54,,14,,,,,,
54,,14,,,,,,
54,,14,,,,,,
54,,14,,,,,,
54,,14,,,,,,
54,,14,,,,,,
78,,14,,,,,,
78,,14,,,,,,
78,,14,,,,,,
78,,14,,,,,,
78,,14,,,,,,
78,,14,,,,,,
71,,14,,,,,,
71,,14,,,,,,
71,,14,,,,,,
71,,14,,,,,,
71,,14,,,,,,
71,,14,,,,,,
104,,14,,,,,,
104,,14,,,,,,
104,,14,,,,,,
104,,14,,,,,,
104,,14,,,,,,
104,,14,,,,,,
121,,14,,,,,,
121,,14,,,,,,
121,,14,,,,,,
121,,14,,,,,,
121,,14,,,,,,
121,,14,,,,,,
106,,14,,,,,,
106,,14,,,,,,
106,,14,,,,,,
106,,14,,,,,,
106,,14,,,,,,
106,,14,,,,,,
215,,14,,,,,,
215,,14,,,,,,
215,,14,,,,,,
215,,14,,,,,,
215,,14,,,,,,
215,,14,,,,,,
254,,14,,,,,,
254,,14,,,,,,
254,,14,,,,,,
254,,14,,,,,,
254,,14,,,,,,
254,,14,,,,,,
260,,14,,,,,,
260,,14,,,,,,
260,,14,,,,,,
260,,14,,,,,,
260,,14,,,,,,
260,,14,,,,,,
300,,14,,,,,,
300,,14,,,,,,
300,,14,,,,,,
300,,14,,,,,,
300,,14,,,,,,
300,,14,,,,,,
273,,14,,,,,,
273,,14,,,,,,
273,,14,,,,,,
273,,14,,,,,,
273,,14,,,,,,
273,,14,,,,,,
265,,14,,,,,,
265,,14,,,,,,
265,,14,,,,,,
265,,14,,,,,,
265,,14,,,,,,
265,,14,,,,,,
236,,14,,,,,,
236,,14,,,,,,
236,,14,,,,,,
236,,14,,,,,,
236,,14,,,,,,
236,,14,,,,,,
186,,14,,,,,,
186,,14,,,,,,
186,,14,,,,,,
186,,14,,,,,,
186,,14,,,,,,
186,,14,,,,,,
197,,14,,,,,,
197,,14,,,,,,
197,,14,,,,,,
197,,14,,,,,,
197,,14,,,,,,
197,,14,,,,,,
204,,14,,,,,,
204,,14,,,,,,
204,,14,,,,,,
204,,14,,,,,,
204,,14,,,,,,
204,,14,,,,,,
191,,14,,,,,,
191,,14,,,,,,
191,,14,,,,,,
191,,14,,,,,,
191,,14,,,,,,
191,,14,,,,,,
180,,14,,,,,,
180,,14,,,,,,
180,,14,,,,,,
180,,14,,,,,,
180,,14,,,,,,
180,,14,,,,,,
152,,14,,,,,,
152,,14,,,,,,
152,,14,,,,,,
152,,14,,,,,,
152,,14,,,,,,
152,,14,,,,,,
156,,14,,,,,,
156,,14,,,,,,
156,,14,,,,,,
156,,14,,,,,,
156,,14,,,,,,
156,,14,,,,,,
147,,14,,,,,,
147,,14,,,,,,
147,,14,,,,,,
147,,14,,,,,,
147,,14,,,,,,
147,,14,,,,,,
132,,14,,,,,,
132,,14,,,,,,
132,,14,,,,,,
132,,14,,,,,,
132,,14,,,,,,
132,,14,,,,,,
97,,14,,,,,,
97,,14,,,,,,
97,,14,,,,,,
97,,14,,,,,,
97,,14,,,,,,
97,,14,,,,,,
78,,14,,,,,,
78,,14,,,,,,
78,,14,,,,,,
78,,14,,,,,,
78,,14,,,,,,
78,,14,,,,,,
60,,14,,,,,,
60,,14,,,,,,
60,,14,,,,,,
60,,14,,,,,,
60,,14,,,,,,
60,,14,,,,,,
84,,14,,,,,,
84,,14,,,,,,
84,,14,,,,,,
84,,14,,,,,,
84,,14,,,,,,
84,,14,,,,,,
167,,14,,,,,,
167,,14,,,,,,
167,,14,,,,,,
167,,14,,,,,,
167,,14,,,,,,
167,,14,,,,,,
213,,14,,,,,,
213,,14,,,,,,
213,,14,,,,,,
213,,14,,,,,,
213,,14,,,,,,
213,,14,,,,,,
226,,14,,,,,,
226,,14,,,,,,
226,,14,,,,,,
226,,14,,,,,,
226,,14,,,,,,
226,,14,,,,,,
241,,14,,,,,,
241,,14,,,,,,
241,,14,,,,,,
241,,14,,,,,,
241,,14,,,,,,
241,,14,,,,,,
232,,14,,,,,,
232,,14,,,,,,
232,,14,,,,,,
232,,14,,,,,,
232,,14,,,,,,
232,,14,,,,,,
200,,14,,,,,,
200,,14,,,,,,
200,,14,,,,,,
200,,14,,,,,,
200,,14,,,,,,
200,,14,,,,,,
182,,14,,,,,,
182,,14,,,,,,
182,,14,,,,,,
182,,14,,,,,,
182,,14,,,,,,
182,,14,,,,,,
206,,14,,,,,,
206,,14,,,,,,
206,,14,,,,,,
206,,14,,,,,,
206,,14,,,,,,
206,,14,,,,,,
208,,14,,,,,,
208,,14,,,,,,
208,,14,,,,,,
208,,14,,,,,,
208,,14,,,,,,
208,,14,,,,,,
210,,14,,,,,,
210,,14,,,,,,
210,,14,,,,,,
210,,14,,,,,,
210,,14,,,,,,
210,,14,,,,,,
173,,14,,,,,,
173,,14,,,,,,
173,,14,,,,,,
173,,14,,,,,,
173,,14,,,,,,
173,,14,,,,,,
191,,14,,,,,,
191,,14,,,,,,
191,,14,,,,,,
191,,14,,,,,,
191,,14,,,,,,
191,,14,,,,,,
163,,14,,,,,,
163,,14,,,,,,
163,,14,,,,,,
163,,14,,,,,,
163,,14,,,,,,
163,,14,,,,,,
147,,14,,,,,,
147,,14,,,,,,
147,,14,,,,,,
147,,14,,,,,,
147,,14,,,,,,
147,,14,,,,,,
130,,14,,,,,,
130,,14,,,,,,
130,,14,,,,,,
130,,14,,,,,,
130,,14,,,,,,
130,,14,,,,,,
93,,14,,,,,,
93,,14,,,,,,
93,,14,,,,,,
93,,14,,,,,,
93,,14,,,,,,
93,,14,,,,,,
80,,14,,,,,,
80,,14,,,,,,
80,,14,,,,,,
80,,14,,,,,,
80,,14,,,,,,
80,,14,,,,,,
76,,14,,,,,,
76,,14,,,,,,
76,,14,,,,,,
76,,14,,,,,,
76,,14,,,,,,
76,,14,,,,,,
73,,14,,,,,,
73,,14,,,,,,
73,,14,,,,,,
73,,14,,,,,,
73,,14,,,,,,
73,,14,,,,,,
78,,14,,,,,,
78,,14,,,,,,
78,,14,,,,,,
78,,14,,,,,,
78,,14,,,,,,
78,,14,,,,,,
91,,14,,,,,,
91,,14,,,,,,
91,,14,,,,,,
91,,14,,,,,,
91,,14,,,,,,
91,,14,,,,,,
84,,14,,,,,,
84,,14,,,,,,
84,,14,,,,,,
84,,14,,,,,,
84,,14,,,,,,
84,,14,,,,,,
63,,14,,,,,,
63,,14,,,,,,
63,,14,,,,,,
63,,14,,,,,,
63,,14,,,,,,
63,,14,,,,,,
95,,14,,,,,,
95,,14,,,,,,
95,,14,,,,,,
95,,14,,,,,,
95,,14,,,,,,
95,,14,,,,,,
86,,14,,,,,,
86,,14,,,,,,
86,,14,,,,,,
86,,14,,,,,,
86,,14,,,,,,
86,,14,,,,,,
69,,14,,,,,,
69,,14,,,,,,
69,,14,,,,,,
69,,14,,,,,,
69,,14,,,,,,
69,,14,,,,,,
60,,14,,,,,,
60,,14,,,,,,
60,,14,,,,,,
60,,14,,,,,,
60,,14,,,,,,
60,,14,,,,,,
45,,14,,,,,,
45,,14,,,,,,
45,,14,,,,,,
45,,14,,,,,,
45,,14,,,,,,
45,,13,,,,,,
58,,13,,,,,,
58,,13,,,,,,
58,,13,,,,,,
58,,13,,,,,,
58,,13,,,,,,
58,,13,,,,,,
32,,13,,,,,,
32,,13,,,,,,
32,,13,,,,,,
32,,13,,,,,,
32,,13,,,,,,
32,,13,,,,,,
28,,13,,,,,,
28,,13,,,,,,
28,,13,,,,,,
28,,13,,,,,,
28,,13,,,,,,
28,,13,,,,,,
34,,13,,,,,,
34,,13,,,,,,
34,,13,,,,,,
34,,13,,,,,,
34,,13,,,,,,
34,,13,,,,,,
36,,13,,,,,,
36,,13,,,,,,
36,,13,,,,,,
36,,13,,,,,,
36,,13,,,,,,
36,,6,,,,,,
21,,6,,,,,,
21,,6,,,,,,
21,,3,,,,,,
21,,3,,,,,,
21,,3,,,,,,
21,,1,,,,,,
28,,1,,,,,,
28,,1,,,,,,
28,,0,,,,,,
28,,0,,,,,,
28,,0,,,,,,
28,,0,,,,,,
39,,0,,,,,,
39,,0,,,,,,
39,,0,,,,,,
39,,0,,,,,,
39,,0,,,,,,
39,,0,,,,,,
26,,0,,,,,,
26,,0,,,,,,
26,,0,,,,,,
26,,0,,,,,,
26,,0,,,,,,
26,,0,,,,,,
21,,0,,,,,,
21,,0,,,,,,
21,,0,,,,,,
21,,0,,,,,,
21,,0,,,,,,
21,,,,,,,,
23,,,,,,,,
23,,,,,,,,
23,,,,,,,,
23,,,,,,,,
23,,,,,,,,
23,,,,,,,,
28,,,,,,,,
28,,,,,,,,
28,,,,,,,,
28,,,,,,,,
28,,,,,,,,
28,,,,,,,,
28,,,,,,,,
28,,,,,,,,
28,,,,,,,,
28,,,,,,,,
28,,,,,,,,
28,,,,,,,,
19,,,,,,,,
19,,,,,,,,
19,,,,,,,,
19,,,,,,,,
19,,,,,,,,
19,,,,,,,,
15,,,,,,,,
15,,,,,,,,
15,,,,,,,,
15,,,,,,,,
15,,,,,,,,
15,,,,,,,,
