10,4,,268794,666385,17059456
10,4,,1,0.40336142,0.015756305
10,4,,,,
10,4,,,,
10,4,,,,
10,4,,,,
8,4,,,,
8,4,,,,
8,4,,,,
8,4,,,,
8,4,,,,
8,4,,,,
13,4,,,,
13,4,,,,
13,4,,,,
13,4,,,,
13,4,,,,
13,4,,,,
17,4,,,,
17,4,,,,
17,4,,,,
17,4,,,,
17,4,,,,
17,4,,,,
13,4,,,,
13,4,,,,
13,4,,,,
13,4,,,,
13,4,,,,
13,4,,,,
6,4,,,,
6,4,,,,
6,4,,,,
6,4,,,,
6,4,,,,
6,4,,,,
21,5,,,,
21,5,,,,
21,5,,,,
21,5,,,,
21,5,,,,
21,5,,,,
10,5,,,,
10,5,,,,
10,5,,,,
10,5,,,,
10,5,,,,
10,5,,,,
13,5,,,,
13,5,,,,
13,5,,,,
13,5,,,,
13,5,,,,
13,5,,,,
4,5,,,,
4,5,,,,
4,5,,,,
4,5,,,,
4,5,,,,
4,5,,,,
19,5,,,,
19,5,,,,
19,5,,,,
19,5,,,,
19,5,,,,
19,5,,,,
10,5,,,,
10,5,,,,
10,5,,,,
10,5,,,,
10,5,,,,
10,5,,,,
15,5,,,,
15,5,,,,
15,5,,,,
15,5,,,,
15,5,,,,
15,5,,,,
8,5,,,,
8,5,,,,
8,5,,,,
8,5,,,,
8,5,,,,
8,5,,,,
13,5,,,,
13,5,,,,
13,5,,,,
13,5,,,,
13,5,,,,
13,5,,,,
17,5,,,,
17,5,,,,
17,5,,,,
17,5,,,,
17,5,,,,
17,5,,,,
21,5,,,,
21,5,,,,
21,5,,,,
21,5,,,,
21,5,,,,
21,5,,,,
2,5,,,,
2,5,,,,
2,5,,,,
2,5,,,,
2,5,,,,
2,5,,,,
4,5,,,,
4,5,,,,
4,5,,,,
4,5,,,,
4,5,,,,
4,5,,,,
2,5,,,,
2,5,,,,
2,5,,,,
2,5,,,,
2,5,,,,
2,5,,,,
17,5,,,,
17,5,,,,
17,5,,,,
17,5,,,,
17,5,,,,
17,5,,,,
19,5,,,,
19,5,,,,
19,5,,,,
19,5,,,,
19,5,,,,
19,5,,,,
2,5,,,,
2,5,,,,
2,5,,,,
2,5,,,,
2,5,,,,
2,5,,,,
2,5,,,,
2,5,,,,
2,5,,,,
2,5,,,,
2,5,,,,
2,5,,,,
2,5,,,,
2,5,,,,
2,5,,,,
2,5,,,,
2,5,,,,
2,5,,,,
6,5,,,,
6,5,,,,
6,5,,,,
6,5,,,,
6,5,,,,
6,5,,,,
19,5,,,,
19,5,,,,
19,5,,,,
19,5,,,,
19,5,,,,
19,5,,,,
21,5,,,,
21,5,,,,
21,5,,,,
21,5,,,,
21,5,,,,
21,5,,,,
13,5,,,,
13,5,,,,
13,5,,,,
13,5,,,,
13,5,,,,
13,5,,,,
2,5,,,,
2,5,,,,
2,5,,,,
2,5,,,,
2,5,,,,
2,5,,,,
6,5,,,,
6,5,,,,
6,5,,,,
6,5,,,,
6,5,,,,
6,5,,,,
13,5,,,,
13,5,,,,
13,5,,,,
13,5,,,,
13,5,,,,
13,5,,,,
13,5,,,,
13,5,,,,
13,5,,,,
13,5,,,,
13,5,,,,
13,5,,,,
2,5,,,,
2,5,,,,
2,5,,,,
2,5,,,,
2,5,,,,
2,5,,,,
17,5,,,,
17,5,,,,
17,5,,,,
17,5,,,,
17,5,,,,
17,5,,,,
10,5,,,,
10,5,,,,
10,5,,,,
10,5,,,,
10,5,,,,
10,5,,,,
0,5,,,,
0,5,,,,
0,5,,,,
0,5,,,,
0,5,,,,
0,5,,,,
0,5,,,,
0,5,,,,
0,5,,,,
0,5,,,,
0,5,,,,
0,5,,,,
0,5,,,,
0,5,,,,
0,5,,,,
0,5,,,,
0,5,,,,
0,5,,,,
13,5,,,,
13,5,,,,
13,5,,,,
13,5,,,,
13,5,,,,
13,5,,,,
15,5,,,,
15,5,,,,
15,5,,,,
15,5,,,,
15,5,,,,
15,5,,,,
8,5,,,,
8,5,,,,
8,5,,,,
8,5,,,,
8,5,,,,
8,5,,,,
8,5,,,,
8,5,,,,
8,5,,,,
8,5,,,,
8,5,,,,
8,5,,,,
6,5,,,,
6,5,,,,
6,5,,,,
6,5,,,,
6,5,,,,
6,5,,,,
2,5,,,,
2,5,,,,
2,5,,,,
2,5,,,,
2,5,,,,
2,5,,,,
19,5,,,,
19,5,,,,
19,5,,,,
19,5,,,,
19,6,,,,
19,7,,,,
30,7,,,,
30,7,,,,
30,7,,,,
30,7,,,,
30,8,,,,
30,9,,,,
41,9,,,,
41,9,,,,
41,9,,,,
41,9,,,,
41,9,,,,
41,9,,,,
21,9,,,,
21,9,,,,
21,9,,,,
21,9,,,,
21,9,,,,
21,9,,,,
23,9,,,,
23,9,,,,
23,9,,,,
23,9,,,,
23,9,,,,
23,9,,,,
32,9,,,,
32,9,,,,
32,9,,,,
32,9,,,,
32,11,,,,
32,11,,,,
52,11,,,,
52,11,,,,
52,11,,,,
52,11,,,,
52,11,,,,
52,11,,,,
41,11,,,,
41,11,,,,
41,11,,,,
41,11,,,,
41,11,,,,
41,11,,,,
17,11,,,,
17,11,,,,
17,11,,,,
17,11,,,,
17,11,,,,
17,11,,,,
10,11,,,,
10,11,,,,
10,11,,,,
10,11,,,,
10,11,,,,
10,11,,,,
13,11,,,,
13,11,,,,
13,11,,,,
13,11,,,,
13,11,,,,
13,11,,,,
15,11,,,,
15,11,,,,
15,11,,,,
15,11,,,,
15,11,,,,
15,11,,,,
13,11,,,,
13,11,,,,
13,11,,,,
13,11,,,,
13,11,,,,
13,11,,,,
0,11,,,,
0,11,,,,
0,11,,,,
0,11,,,,
0,11,,,,
0,11,,,,
2,11,,,,
2,11,,,,
2,11,,,,
2,11,,,,
2,11,,,,
2,11,,,,
0,11,,,,
0,11,,,,
0,11,,,,
0,11,,,,
0,11,,,,
0,11,,,,
15,11,,,,
15,11,,,,
15,11,,,,
15,11,,,,
15,11,,,,
15,11,,,,
4,11,,,,
4,11,,,,
4,11,,,,
4,11,,,,
4,11,,,,
4,11,,,,
4,11,,,,
4,11,,,,
4,11,,,,
4,11,,,,
4,11,,,,
4,11,,,,
0,11,,,,
0,11,,,,
0,11,,,,
0,11,,,,
0,11,,,,
0,11,,,,
0,11,,,,
0,11,,,,
0,11,,,,
0,11,,,,
0,11,,,,
0,11,,,,
2,11,,,,
2,11,,,,
2,11,,,,
2,11,,,,
2,11,,,,
2,11,,,,
0,11,,,,
0,11,,,,
0,11,,,,
0,11,,,,
0,11,,,,
0,11,,,,
0,11,,,,
0,11,,,,
0,11,,,,
0,11,,,,
0,11,,,,
0,11,,,,
15,11,,,,
15,11,,,,
15,11,,,,
15,11,,,,
15,11,,,,
15,11,,,,
17,11,,,,
17,11,,,,
17,11,,,,
17,11,,,,
17,11,,,,
17,11,,,,
28,11,,,,
28,11,,,,
28,11,,,,
28,11,,,,
28,11,,,,
28,11,,,,
45,11,,,,
45,11,,,,
45,11,,,,
45,11,,,,
45,11,,,,
45,11,,,,
39,11,,,,
39,11,,,,
39,11,,,,
39,12,,,,
39,14,,,,
39,14,,,,
63,14,,,,
63,14,,,,
63,14,,,,
63,14,,,,
63,14,,,,
63,14,,,,
65,14,,,,
65,14,,,,
65,14,,,,
65,14,,,,
65,14,,,,
65,14,,,,
71,14,,,,
71,14,,,,
71,14,,,,
71,14,,,,
71,14,,,,
71,14,,,,
63,14,,,,
63,14,,,,
63,14,,,,
63,14,,,,
63,14,,,,
63,14,,,,
47,14,,,,
47,14,,,,
47,14,,,,
47,14,,,,
47,14,,,,
47,14,,,,
52,14,,,,
52,14,,,,
52,14,,,,
52,14,,,,
52,14,,,,
52,14,,,,
58,14,,,,
58,14,,,,
58,14,,,,
58,14,,,,
58,14,,,,
58,14,,,,
47,14,,,,
47,14,,,,
47,14,,,,
47,14,,,,
47,14,,,,
47,14,,,,
52,14,,,,
52,14,,,,
52,14,,,,
52,14,,,,
52,14,,,,
52,14,,,,
36,14,,,,
36,14,,,,
36,14,,,,
36,14,,,,
36,14,,,,
36,14,,,,
39,14,,,,
39,14,,,,
39,14,,,,
39,14,,,,
39,14,,,,
39,14,,,,
45,14,,,,
45,14,,,,
45,14,,,,
45,14,,,,
45,14,,,,
45,14,,,,
67,14,,,,
67,14,,,,
67,14,,,,
67,14,,,,
67,14,,,,
67,14,,,,
63,14,,,,
63,14,,,,
63,14,,,,
63,14,,,,
63,14,,,,
63,14,,,,
67,14,,,,
67,14,,,,
67,14,,,,
67,14,,,,
67,15,,,,
67,15,,,,
71,15,,,,
71,15,,,,
71,15,,,,
71,15,,,,
71,15,,,,
71,15,,,,
65,15,,,,
65,15,,,,
65,15,,,,
65,15,,,,
65,15,,,,
65,15,,,,
67,15,,,,
67,27,,,,
67,27,,,,
67,27,,,,
67,27,,,,
67,27,,,,
102,27,,,,
102,27,,,,
102,27,,,,
102,27,,,,
102,27,,,,
102,27,,,,
108,31,,,,
108,35,,,,
108,35,,,,
108,35,,,,
108,35,,,,
108,35,,,,
143,35,,,,
143,35,,,,
143,35,,,,
143,35,,,,
143,35,,,,
143,35,,,,
143,35,,,,
143,35,,,,
143,35,,,,
143,35,,,,
143,35,,,,
143,35,,,,
128,35,,,,
128,35,,,,
128,35,,,,
128,35,,,,
128,35,,,,
128,35,,,,
117,35,,,,
117,35,,,,
117,35,,,,
117,35,,,,
117,35,,,,
117,35,,,,
119,35,,,,
119,35,,,,
119,35,,,,
119,35,,,,
119,35,,,,
119,35,,,,
108,35,,,,
108,35,,,,
108,35,,,,
108,35,,,,
108,35,,,,
108,35,,,,
102,35,,,,
102,35,,,,
102,35,,,,
102,35,,,,
102,35,,,,
102,35,,,,
117,35,,,,
117,35,,,,
117,35,,,,
117,35,,,,
117,35,,,,
117,35,,,,
104,35,,,,
104,35,,,,
104,35,,,,
104,35,,,,
104,35,,,,
104,35,,,,
95,35,,,,
95,35,,,,
95,35,,,,
95,35,,,,
95,35,,,,
95,35,,,,
67,35,,,,
67,35,,,,
67,35,,,,
67,35,,,,
67,35,,,,
67,35,,,,
71,35,,,,
71,35,,,,
71,40,,,,
71,40,,,,
71,40,,,,
71,40,,,,
128,40,,,,
128,40,,,,
128,40,,,,
128,40,,,,
128,40,,,,
128,40,,,,
173,40,,,,
173,40,,,,
173,40,,,,
173,40,,,,
173,40,,,,
173,40,,,,
158,40,,,,
158,40,,,,
158,40,,,,
158,40,,,,
158,40,,,,
158,40,,,,
171,40,,,,
171,40,,,,
171,40,,,,
171,40,,,,
171,40,,,,
171,40,,,,
165,40,,,,
165,40,,,,
165,40,,,,
165,40,,,,
165,40,,,,
165,40,,,,
143,40,,,,
143,40,,,,
143,40,,,,
143,40,,,,
143,40,,,,
143,40,,,,
143,40,,,,
143,40,,,,
143,40,,,,
143,40,,,,
143,40,,,,
143,40,,,,
145,40,,,,
145,40,,,,
145,40,,,,
145,40,,,,
145,40,,,,
145,40,,,,
165,40,,,,
165,40,,,,
165,40,,,,
165,40,,,,
165,40,,,,
165,40,,,,
156,40,,,,
156,40,,,,
156,40,,,,
156,40,,,,
156,40,,,,
156,40,,,,
117,40,,,,
117,40,,,,
117,40,,,,
117,40,,,,
117,40,,,,
117,40,,,,
121,40,,,,
121,40,,,,
121,40,,,,
121,52,,,,
121,52,,,,
121,52,,,,
128,52,,,,
128,52,,,,
128,52,,,,
128,52,,,,
128,52,,,,
128,52,,,,
193,52,,,,
193,52,,,,
193,52,,,,
193,52,,,,
193,52,,,,
193,52,,,,
213,52,,,,
213,52,,,,
213,52,,,,
213,52,,,,
213,52,,,,
213,52,,,,
204,52,,,,
204,52,,,,
204,52,,,,
204,52,,,,
204,52,,,,
204,52,,,,
219,52,,,,
219,52,,,,
219,52,,,,
219,52,,,,
219,52,,,,
219,52,,,,
236,52,,,,
236,52,,,,
236,52,,,,
236,52,,,,
236,52,,,,
236,52,,,,
215,52,,,,
215,52,,,,
215,52,,,,
215,52,,,,
215,52,,,,
215,52,,,,
202,52,,,,
202,52,,,,
202,52,,,,
202,52,,,,
202,52,,,,
202,52,,,,
154,52,,,,
154,52,,,,
154,52,,,,
154,52,,,,
154,52,,,,
154,52,,,,
119,52,,,,
119,52,,,,
119,52,,,,
119,52,,,,
119,52,,,,
119,52,,,,
132,52,,,,
132,52,,,,
132,52,,,,
132,52,,,,
132,52,,,,
132,52,,,,
169,52,,,,
169,52,,,,
169,52,,,,
169,52,,,,
169,52,,,,
169,52,,,,
167,52,,,,
167,52,,,,
167,52,,,,
167,52,,,,
167,52,,,,
167,52,,,,
139,52,,,,
139,52,,,,
139,52,,,,
139,52,,,,
139,52,,,,
139,52,,,,
121,52,,,,
121,52,,,,
121,52,,,,
121,52,,,,
121,52,,,,
121,52,,,,
136,52,,,,
136,52,,,,
136,52,,,,
136,52,,,,
136,52,,,,
136,52,,,,
121,52,,,,
121,52,,,,
121,52,,,,
121,52,,,,
121,52,,,,
121,52,,,,
123,52,,,,
123,52,,,,
123,52,,,,
123,52,,,,
123,52,,,,
123,52,,,,
93,52,,,,
93,52,,,,
93,52,,,,
93,52,,,,
93,52,,,,
93,52,,,,
104,52,,,,
104,52,,,,
104,52,,,,
104,52,,,,
104,52,,,,
104,52,,,,
100,52,,,,
100,52,,,,
100,52,,,,
100,52,,,,
100,52,,,,
100,52,,,,
100,52,,,,
100,52,,,,
100,52,,,,
100,52,,,,
100,52,,,,
100,52,,,,
71,52,,,,
71,52,,,,
71,52,,,,
71,52,,,,
71,52,,,,
71,52,,,,
71,52,,,,
71,52,,,,
71,52,,,,
71,52,,,,
71,52,,,,
71,52,,,,
132,52,,,,
132,52,,,,
132,52,,,,
132,52,,,,
132,52,,,,
132,52,,,,
115,52,,,,
115,52,,,,
115,52,,,,
115,52,,,,
115,52,,,,
115,52,,,,
69,52,,,,
69,52,,,,
69,52,,,,
69,52,,,,
69,52,,,,
69,52,,,,
84,52,,,,
84,52,,,,
84,52,,,,
84,52,,,,
84,52,,,,
84,52,,,,
89,52,,,,
89,52,,,,
89,52,,,,
89,52,,,,
89,52,,,,
89,52,,,,
102,52,,,,
102,52,,,,
102,52,,,,
102,52,,,,
102,52,,,,
102,52,,,,
82,52,,,,
82,52,,,,
82,52,,,,
82,52,,,,
82,52,,,,
82,52,,,,
73,52,,,,
73,52,,,,
73,52,,,,
73,52,,,,
73,52,,,,
73,52,,,,
63,52,,,,
63,52,,,,
63,52,,,,
63,52,,,,
63,52,,,,
63,52,,,,
82,52,,,,
82,52,,,,
82,52,,,,
82,52,,,,
82,52,,,,
82,52,,,,
97,52,,,,
97,52,,,,
97,52,,,,
97,52,,,,
97,52,,,,
97,52,,,,
117,52,,,,
117,52,,,,
117,52,,,,
117,52,,,,
117,52,,,,
117,52,,,,
121,52,,,,
121,52,,,,
121,52,,,,
121,52,,,,
121,52,,,,
121,52,,,,
69,52,,,,
69,52,,,,
69,52,,,,
69,52,,,,
69,52,,,,
69,52,,,,
63,52,,,,
63,52,,,,
63,52,,,,
63,52,,,,
63,52,,,,
63,52,,,,
80,52,,,,
80,52,,,,
80,52,,,,
80,52,,,,
80,52,,,,
80,52,,,,
73,52,,,,
73,52,,,,
73,52,,,,
73,52,,,,
73,52,,,,
73,52,,,,
54,52,,,,
54,52,,,,
54,52,,,,
54,52,,,,
54,52,,,,
54,52,,,,
43,52,,,,
43,52,,,,
43,52,,,,
43,52,,,,
43,52,,,,
43,52,,,,
32,52,,,,
32,52,,,,
32,52,,,,
32,52,,,,
32,52,,,,
32,52,,,,
45,52,,,,
45,52,,,,
45,52,,,,
45,52,,,,
45,52,,,,
45,52,,,,
47,52,,,,
47,52,,,,
47,52,,,,
47,52,,,,
47,52,,,,
47,52,,,,
63,52,,,,
63,52,,,,
63,52,,,,
63,52,,,,
63,52,,,,
63,52,,,,
65,52,,,,
65,52,,,,
65,52,,,,
65,52,,,,
65,52,,,,
65,52,,,,
65,52,,,,
65,52,,,,
65,52,,,,
65,52,,,,
65,52,,,,
65,52,,,,
45,52,,,,
45,52,,,,
45,52,,,,
45,52,,,,
45,52,,,,
45,51,,,,
39,51,,,,
39,51,,,,
39,51,,,,
39,51,,,,
39,51,,,,
39,51,,,,
52,51,,,,
52,51,,,,
52,51,,,,
52,51,,,,
52,51,,,,
52,51,,,,
50,51,,,,
50,51,,,,
50,51,,,,
50,51,,,,
50,51,,,,
50,51,,,,
39,51,,,,
39,51,,,,
39,51,,,,
39,51,,,,
39,51,,,,
39,51,,,,
26,51,,,,
26,51,,,,
26,49,,,,
26,49,,,,
26,49,,,,
26,43,,,,
15,43,,,,
15,43,,,,
15,40,,,,
15,40,,,,
15,40,,,,
15,39,,,,
13,39,,,,
13,39,,,,
13,38,,,,
13,38,,,,
13,38,,,,
13,38,,,,
0,38,,,,
0,38,,,,
0,38,,,,
0,38,,,,
0,38,,,,
0,38,,,,
4,38,,,,
4,38,,,,
4,38,,,,
4,38,,,,
4,38,,,,
4,38,,,,
4,38,,,,
4,38,,,,
4,33,,,,
4,33,,,,
4,33,,,,
4,31,,,,
6,31,,,,
6,31,,,,
6,29,,,,
6,29,,,,
6,29,,,,
6,28,,,,
0,28,,,,
0,28,,,,
0,28,,,,
0,28,,,,
0,28,,,,
0,28,,,,
2,28,,,,
2,28,,,,
2,28,,,,
2,28,,,,
2,28,,,,
2,28,,,,
2,28,,,,
2,28,,,,
2,28,,,,
2,28,,,,
2,28,,,,
2,28,,,,
15,28,,,,
15,28,,,,
15,28,,,,
15,28,,,,
15,28,,,,
15,28,,,,
6,28,,,,
6,28,,,,
6,28,,,,
6,28,,,,
6,28,,,,
6,28,,,,
0,28,,,,
0,28,,,,
0,28,,,,
0,28,,,,
0,28,,,,
0,28,,,,
0,28,,,,
0,28,,,,
0,28,,,,
0,28,,,,
0,28,,,,
0,28,,,,
15,28,,,,
15,28,,,,
15,28,,,,
15,28,,,,
15,28,,,,
15,28,,,,
28,28,,,,
28,28,,,,
28,28,,,,
28,28,,,,
28,28,,,,
28,28,,,,
45,28,,,,
45,28,,,,
45,28,,,,
45,28,,,,
45,28,,,,
45,28,,,,
50,28,,,,
50,28,,,,
50,26,,,,
50,26,,,,
50,26,,,,
50,25,,,,
50,25,,,,
50,25,,,,
50,25,,,,
50,25,,,,
50,25,,,,
50,25,,,,
0,25,,,,
0,25,,,,
0,25,,,,
0,25,,,,
0,25,,,,
0,25,,,,
0,25,,,,
0,25,,,,
0,25,,,,
0,25,,,,
0,25,,,,
0,25,,,,
0,25,,,,
0,25,,,,
0,25,,,,
0,25,,,,
0,25,,,,
0,25,,,,
0,25,,,,
0,25,,,,
0,25,,,,
0,25,,,,
0,25,,,,
0,25,,,,
0,25,,,,
0,25,,,,
0,25,,,,
0,25,,,,
0,25,,,,
0,25,,,,
0,25,,,,
0,25,,,,
0,25,,,,
0,25,,,,
0,25,,,,
0,25,,,,
0,25,,,,
0,25,,,,
0,25,,,,
0,25,,,,
0,25,,,,
0,25,,,,
0,25,,,,
0,25,,,,
0,25,,,,
0,25,,,,
0,25,,,,
0,25,,,,
0,25,,,,
0,25,,,,
0,25,,,,
0,25,,,,
0,25,,,,
0,24,,,,
0,24,,,,
0,24,,,,
0,24,,,,
0,24,,,,
0,24,,,,
0,20,,,,
0,20,,,,
0,20,,,,
0,18,,,,
0,18,,,,
0,18,,,,
0,17,,,,
0,17,,,,
0,17,,,,
0,17,,,,
0,17,,,,
0,17,,,,
0,17,,,,
0,17,,,,
0,17,,,,
0,16,,,,
0,16,,,,
0,16,,,,
0,15,,,,
0,15,,,,
0,15,,,,
0,15,,,,
0,15,,,,
0,15,,,,
0,14,,,,
0,14,,,,
0,14,,,,
0,14,,,,
0,14,,,,
0,14,,,,
0,14,,,,
6,14,,,,
6,14,,,,
6,14,,,,
6,14,,,,
6,14,,,,
6,14,,,,
28,14,,,,
28,14,,,,
28,14,,,,
28,14,,,,
28,14,,,,
28,14,,,,
41,14,,,,
41,14,,,,
41,14,,,,
41,14,,,,
41,14,,,,
41,14,,,,
43,14,,,,
43,14,,,,
43,14,,,,
43,14,,,,
43,14,,,,
43,14,,,,
36,14,,,,
36,14,,,,
36,14,,,,
36,14,,,,
36,14,,,,
36,14,,,,
41,14,,,,
41,14,,,,
41,14,,,,
41,14,,,,
41,14,,,,
41,14,,,,
32,14,,,,
32,14,,,,
32,13,,,,
32,13,,,,
32,13,,,,
32,12,,,,
32,12,,,,
32,12,,,,
32,11,,,,
32,11,,,,
32,11,,,,
32,11,,,,
28,11,,,,
28,11,,,,
28,11,,,,
28,11,,,,
28,11,,,,
28,11,,,,
26,11,,,,
26,11,,,,
26,10,,,,
26,10,,,,
26,10,,,,
26,10,,,,
23,10,,,,
23,10,,,,
23,10,,,,
23,10,,,,
23,10,,,,
23,10,,,,
21,10,,,,
21,10,,,,
21,10,,,,
21,10,,,,
21,10,,,,
21,10,,,,
26,10,,,,
26,10,,,,
26,10,,,,
26,10,,,,
26,10,,,,
26,10,,,,
4,10,,,,
4,10,,,,
4,10,,,,
4,10,,,,
4,10,,,,
4,10,,,,
13,10,,,,
13,10,,,,
13,10,,,,
13,10,,,,
13,10,,,,
13,10,,,,
8,10,,,,
8,10,,,,
8,10,,,,
8,10,,,,
8,10,,,,
8,10,,,,
15,10,,,,
15,10,,,,
15,10,,,,
15,10,,,,
15,10,,,,
15,10,,,,
8,10,,,,
8,10,,,,
8,10,,,,
8,10,,,,
8,10,,,,
8,10,,,,
6,10,,,,
6,10,,,,
6,10,,,,
6,10,,,,
6,10,,,,
6,10,,,,
8,10,,,,
8,10,,,,
8,10,,,,
8,10,,,,
8,10,,,,
8,10,,,,
4,10,,,,
4,10,,,,
4,10,,,,
4,10,,,,
4,10,,,,
4,10,,,,
6,10,,,,
6,10,,,,
6,10,,,,
6,10,,,,
6,10,,,,
6,10,,,,
6,10,,,,
6,10,,,,
6,10,,,,
6,10,,,,
6,10,,,,
6,10,,,,
0,10,,,,
0,10,,,,
0,10,,,,
0,10,,,,
0,10,,,,
0,10,,,,
15,10,,,,
15,10,,,,
15,10,,,,
15,10,,,,
15,10,,,,
15,10,,,,
15,10,,,,
15,10,,,,
15,10,,,,
15,10,,,,
15,10,,,,
15,10,,,,
0,10,,,,
0,10,,,,
0,10,,,,
0,10,,,,
0,10,,,,
0,10,,,,
2,10,,,,
2,13,,,,
2,13,,,,
2,13,,,,
2,13,,,,
2,13,,,,
2,14,,,,
2,14,,,,
2,14,,,,
2,14,,,,
2,14,,,,
2,14,,,,
19,14,,,,
19,14,,,,
19,14,,,,
19,14,,,,
19,14,,,,
19,14,,,,
19,22,,,,
19,23,,,,
19,23,,,,
19,23,,,,
19,23,,,,
19,23,,,,
28,23,,,,
28,23,,,,
28,23,,,,
28,23,,,,
28,23,,,,
28,23,,,,
56,23,,,,
56,23,,,,
56,23,,,,
56,23,,,,
56,23,,,,
56,23,,,,
67,23,,,,
67,23,,,,
67,23,,,,
67,23,,,,
67,23,,,,
67,23,,,,
50,23,,,,
50,23,,,,
50,23,,,,
50,23,,,,
50,23,,,,
50,23,,,,
97,23,,,,
97,23,,,,
97,23,,,,
97,23,,,,
97,23,,,,
97,23,,,,
86,23,,,,
86,23,,,,
86,23,,,,
86,23,,,,
86,23,,,,
86,23,,,,
71,23,,,,
71,23,,,,
71,23,,,,
71,23,,,,
71,23,,,,
71,23,,,,
76,23,,,,
76,23,,,,
76,23,,,,
76,23,,,,
76,23,,,,
76,23,,,,
67,23,,,,
67,23,,,,
67,23,,,,
67,23,,,,
67,23,,,,
67,23,,,,
47,23,,,,
47,23,,,,
47,23,,,,
47,23,,,,
47,23,,,,
47,23,,,,
47,23,,,,
47,23,,,,
47,23,,,,
47,23,,,,
47,23,,,,
47,23,,,,
32,23,,,,
32,23,,,,
32,23,,,,
32,23,,,,
32,23,,,,
32,23,,,,
19,23,,,,
19,23,,,,
19,23,,,,
19,23,,,,
19,23,,,,
19,23,,,,
6,23,,,,
6,23,,,,
6,23,,,,
6,23,,,,
6,23,,,,
6,38,,,,
13,38,,,,
13,38,,,,
13,38,,,,
13,38,,,,
13,38,,,,
13,38,,,,
4,38,,,,
4,38,,,,
4,38,,,,
4,38,,,,
4,38,,,,
4,38,,,,
0,38,,,,
0,38,,,,
0,38,,,,
0,38,,,,
0,38,,,,
0,39,,,,
21,39,,,,
21,39,,,,
21,39,,,,
21,39,,,,
21,39,,,,
21,39,,,,
82,39,,,,
82,39,,,,
82,39,,,,
82,39,,,,
82,39,,,,
82,39,,,,
147,39,,,,
147,39,,,,
147,39,,,,
147,55,,,,
147,55,,,,
147,55,,,,
158,55,,,,
158,55,,,,
158,55,,,,
158,55,,,,
158,55,,,,
158,55,,,,
132,55,,,,
132,55,,,,
132,55,,,,
132,67,,,,
132,67,,,,
132,67,,,,
184,67,,,,
184,67,,,,
184,67,,,,
184,67,,,,
184,67,,,,
184,67,,,,
160,67,,,,
160,67,,,,
160,67,,,,
160,67,,,,
160,67,,,,
160,67,,,,
150,67,,,,
150,67,,,,
150,67,,,,
150,67,,,,
150,67,,,,
150,67,,,,
236,67,,,,
236,67,,,,
236,67,,,,
236,67,,,,
236,67,,,,
236,67,,,,
241,67,,,,
241,67,,,,
241,67,,,,
241,67,,,,
241,67,,,,
241,67,,,,
252,67,,,,
252,67,,,,
252,67,,,,
252,67,,,,
252,67,,,,
252,67,,,,
245,67,,,,
245,67,,,,
245,67,,,,
245,67,,,,
245,67,,,,
245,67,,,,
217,67,,,,
217,67,,,,
217,67,,,,
217,67,,,,
217,67,,,,
217,67,,,,
239,67,,,,
239,67,,,,
239,67,,,,
239,67,,,,
239,67,,,,
239,67,,,,
236,67,,,,
236,67,,,,
236,67,,,,
236,67,,,,
236,67,,,,
236,67,,,,
241,67,,,,
241,67,,,,
241,67,,,,
241,67,,,,
241,67,,,,
241,67,,,,
186,67,,,,
186,67,,,,
186,67,,,,
186,67,,,,
186,67,,,,
186,67,,,,
204,67,,,,
204,67,,,,
204,67,,,,
204,67,,,,
204,67,,,,
204,67,,,,
178,67,,,,
178,67,,,,
178,67,,,,
178,67,,,,
178,67,,,,
178,67,,,,
163,67,,,,
163,67,,,,
163,67,,,,
163,67,,,,
163,67,,,,
163,67,,,,
173,67,,,,
173,67,,,,
173,67,,,,
173,67,,,,
173,67,,,,
173,67,,,,
167,67,,,,
167,67,,,,
167,67,,,,
167,67,,,,
167,67,,,,
167,67,,,,
147,67,,,,
147,67,,,,
147,67,,,,
147,67,,,,
147,67,,,,
147,67,,,,
154,67,,,,
154,67,,,,
154,67,,,,
154,67,,,,
154,67,,,,
154,67,,,,
184,67,,,,
184,67,,,,
184,67,,,,
184,67,,,,
184,67,,,,
184,67,,,,
195,67,,,,
195,67,,,,
195,67,,,,
195,67,,,,
195,67,,,,
195,67,,,,
178,67,,,,
178,67,,,,
178,67,,,,
178,67,,,,
178,67,,,,
178,67,,,,
176,67,,,,
176,67,,,,
176,67,,,,
176,67,,,,
176,67,,,,
176,67,,,,
134,67,,,,
134,67,,,,
134,67,,,,
134,67,,,,
134,67,,,,
134,67,,,,
143,67,,,,
143,67,,,,
143,67,,,,
143,67,,,,
143,67,,,,
143,67,,,,
204,67,,,,
204,67,,,,
204,67,,,,
204,67,,,,
204,67,,,,
204,67,,,,
239,67,,,,
239,67,,,,
239,67,,,,
239,67,,,,
239,67,,,,
239,67,,,,
213,67,,,,
213,67,,,,
213,67,,,,
213,67,,,,
213,67,,,,
213,67,,,,
219,67,,,,
219,67,,,,
219,67,,,,
219,67,,,,
219,67,,,,
219,67,,,,
213,67,,,,
213,67,,,,
213,67,,,,
213,67,,,,
213,67,,,,
213,67,,,,
169,67,,,,
169,67,,,,
169,67,,,,
169,67,,,,
169,67,,,,
169,67,,,,
165,67,,,,
165,67,,,,
165,67,,,,
165,67,,,,
165,67,,,,
165,67,,,,
154,67,,,,
154,67,,,,
154,67,,,,
154,67,,,,
154,67,,,,
154,67,,,,
139,67,,,,
139,67,,,,
139,67,,,,
139,67,,,,
139,67,,,,
139,67,,,,
134,67,,,,
134,67,,,,
134,67,,,,
134,67,,,,
134,67,,,,
134,67,,,,
104,67,,,,
104,67,,,,
104,67,,,,
104,67,,,,
104,67,,,,
104,67,,,,
73,67,,,,
73,67,,,,
73,67,,,,
73,67,,,,
73,67,,,,
73,67,,,,
121,67,,,,
121,67,,,,
121,67,,,,
121,67,,,,
121,67,,,,
121,67,,,,
128,67,,,,
128,67,,,,
128,67,,,,
128,67,,,,
128,67,,,,
128,67,,,,
126,67,,,,
126,67,,,,
126,67,,,,
126,67,,,,
126,67,,,,
126,67,,,,
86,67,,,,
86,67,,,,
86,67,,,,
86,67,,,,
86,67,,,,
86,67,,,,
63,67,,,,
63,67,,,,
63,67,,,,
63,67,,,,
63,67,,,,
63,67,,,,
60,67,,,,
60,67,,,,
60,67,,,,
60,67,,,,
60,67,,,,
60,67,,,,
84,67,,,,
84,67,,,,
84,67,,,,
84,67,,,,
84,67,,,,
84,67,,,,
65,67,,,,
65,67,,,,
65,67,,,,
65,67,,,,
65,67,,,,
65,67,,,,
69,67,,,,
69,67,,,,
69,67,,,,
69,67,,,,
69,67,,,,
69,67,,,,
54,67,,,,
54,67,,,,
54,67,,,,
54,67,,,,
54,67,,,,
54,67,,,,
39,67,,,,
39,67,,,,
39,67,,,,
39,67,,,,
39,67,,,,
39,67,,,,
28,67,,,,
28,67,,,,
28,67,,,,
28,67,,,,
28,67,,,,
28,67,,,,
26,67,,,,
26,67,,,,
26,67,,,,
26,67,,,,
26,67,,,,
26,64,,,,
21,64,,,,
21,64,,,,
21,56,,,,
21,56,,,,
21,56,,,,
21,52,,,,
21,52,,,,
21,52,,,,
21,50,,,,
21,50,,,,
21,50,,,,
21,49,,,,
34,49,,,,
34,49,,,,
34,49,,,,
34,49,,,,
34,49,,,,
34,49,,,,
21,49,,,,
21,49,,,,
21,49,,,,
21,49,,,,
21,49,,,,
21,49,,,,
32,49,,,,
32,49,,,,
32,49,,,,
32,49,,,,
32,49,,,,
32,49,,,,
54,49,,,,
54,49,,,,
54,49,,,,
54,49,,,,
54,49,,,,
54,49,,,,
39,49,,,,
39,49,,,,
39,49,,,,
39,49,,,,
39,49,,,,
39,49,,,,
60,49,,,,
60,49,,,,
60,49,,,,
60,49,,,,
60,49,,,,
60,49,,,,
54,49,,,,
54,49,,,,
54,49,,,,
54,49,,,,
54,49,,,,
54,49,,,,
32,49,,,,
32,49,,,,
32,49,,,,
32,49,,,,
32,49,,,,
32,49,,,,
26,49,,,,
26,49,,,,
26,49,,,,
26,49,,,,
26,49,,,,
26,49,,,,
30,49,,,,
30,49,,,,
30,49,,,,
30,49,,,,
30,49,,,,
30,49,,,,
36,49,,,,
36,49,,,,
36,49,,,,
36,49,,,,
36,49,,,,
36,49,,,,
39,49,,,,
39,49,,,,
39,49,,,,
39,49,,,,
39,49,,,,
39,49,,,,
23,49,,,,
23,49,,,,
23,49,,,,
23,49,,,,
23,49,,,,
23,49,,,,
4,49,,,,
4,49,,,,
4,49,,,,
4,49,,,,
4,49,,,,
4,49,,,,
28,49,,,,
28,49,,,,
28,49,,,,
28,49,,,,
28,49,,,,
28,49,,,,
54,49,,,,
54,49,,,,
54,49,,,,
54,49,,,,
54,49,,,,
54,49,,,,
36,49,,,,
36,49,,,,
36,49,,,,
36,49,,,,
36,49,,,,
36,49,,,,
47,49,,,,
47,49,,,,
47,49,,,,
47,49,,,,
47,49,,,,
47,49,,,,
47,49,,,,
47,49,,,,
47,49,,,,
47,49,,,,
47,49,,,,
47,49,,,,
23,49,,,,
23,49,,,,
23,49,,,,
23,49,,,,
23,49,,,,
23,49,,,,
34,49,,,,
34,49,,,,
34,48,,,,
34,48,,,,
34,48,,,,
34,43,,,,
39,43,,,,
39,43,,,,
39,38,,,,
39,38,,,,
39,38,,,,
39,35,,,,
34,35,,,,
34,35,,,,
34,33,,,,
34,33,,,,
34,33,,,,
34,32,,,,
28,32,,,,
28,32,,,,
28,30,,,,
28,30,,,,
28,30,,,,
28,29,,,,
10,29,,,,
10,29,,,,
10,29,,,,
10,29,,,,
10,29,,,,
10,29,,,,
0,29,,,,
0,29,,,,
0,29,,,,
0,29,,,,
0,29,,,,
0,29,,,,
2,29,,,,
2,29,,,,
2,29,,,,
2,29,,,,
2,29,,,,
2,29,,,,
23,29,,,,
23,29,,,,
23,29,,,,
23,29,,,,
23,29,,,,
23,29,,,,
28,29,,,,
28,29,,,,
28,29,,,,
28,29,,,,
28,29,,,,
28,28,,,,
23,28,,,,
23,28,,,,
23,28,,,,
23,28,,,,
23,28,,,,
23,23,,,,
21,23,,,,
21,23,,,,
21,20,,,,
21,20,,,,
21,20,,,,
21,19,,,,
13,19,,,,
13,19,,,,
13,18,,,,
13,18,,,,
13,18,,,,
13,18,,,,
10,18,,,,
10,18,,,,
10,18,,,,
10,18,,,,
10,18,,,,
10,18,,,,
17,18,,,,
17,18,,,,
17,18,,,,
17,18,,,,
17,18,,,,
17,16,,,,
21,16,,,,
21,16,,,,
21,15,,,,
21,15,,,,
21,15,,,,
21,14,,,,
15,14,,,,
15,14,,,,
15,14,,,,
15,14,,,,
15,14,,,,
15,13,,,,
8,13,,,,
8,13,,,,
8,13,,,,
8,13,,,,
8,13,,,,
8,13,,,,
0,13,,,,
0,13,,,,
0,13,,,,
0,13,,,,
0,13,,,,
0,13,,,,
15,13,,,,
15,13,,,,
15,13,,,,
15,13,,,,
15,13,,,,
15,13,,,,
28,13,,,,
28,13,,,,
28,13,,,,
28,13,,,,
28,13,,,,
28,13,,,,
23,13,,,,
23,13,,,,
23,13,,,,
23,13,,,,
23,13,,,,
23,13,,,,
23,13,,,,
23,13,,,,
23,13,,,,
23,13,,,,
23,13,,,,
23,13,,,,
13,13,,,,
13,13,,,,
13,13,,,,
13,13,,,,
13,13,,,,
13,13,,,,
13,13,,,,
13,13,,,,
13,13,,,,
13,13,,,,
13,13,,,,
13,13,,,,
2,13,,,,
2,13,,,,
2,13,,,,
2,13,,,,
2,13,,,,
2,13,,,,
2,13,,,,
2,13,,,,
2,13,,,,
2,13,,,,
2,13,,,,
2,13,,,,
0,13,,,,
0,13,,,,
0,13,,,,
0,13,,,,
0,13,,,,
0,13,,,,
4,13,,,,
4,13,,,,
4,13,,,,
4,13,,,,
4,13,,,,
4,12,,,,
0,12,,,,
0,12,,,,
0,11,,,,
0,11,,,,
0,11,,,,
0,11,,,,
0,11,,,,
0,11,,,,
0,11,,,,
0,11,,,,
0,11,,,,
0,11,,,,
0,11,,,,
0,11,,,,
0,11,,,,
0,11,,,,
0,11,,,,
0,11,,,,
0,11,,,,
0,11,,,,
0,11,,,,
0,11,,,,
0,11,,,,
0,11,,,,
0,11,,,,
0,11,,,,
0,11,,,,
0,11,,,,
0,11,,,,
0,11,,,,
0,11,,,,
0,11,,,,
0,11,,,,
0,11,,,,
0,11,,,,
0,11,,,,
0,11,,,,
0,11,,,,
0,11,,,,
0,11,,,,
0,11,,,,
0,11,,,,
0,11,,,,
0,11,,,,
0,11,,,,
0,11,,,,
0,11,,,,
0,11,,,,
0,11,,,,
0,11,,,,
0,11,,,,
0,11,,,,
0,11,,,,
0,11,,,,
0,13,,,,
0,13,,,,
0,13,,,,
0,13,,,,
0,13,,,,
0,13,,,,
2,13,,,,
2,13,,,,
2,13,,,,
2,13,,,,
2,13,,,,
2,13,,,,
4,13,,,,
4,13,,,,
4,13,,,,
4,13,,,,
4,13,,,,
4,13,,,,
13,13,,,,
13,13,,,,
13,13,,,,
13,13,,,,
13,13,,,,
13,13,,,,
8,13,,,,
8,13,,,,
8,13,,,,
8,13,,,,
8,13,,,,
8,13,,,,
39,13,,,,
39,13,,,,
39,13,,,,
39,13,,,,
39,13,,,,
39,13,,,,
36,13,,,,
36,13,,,,
36,13,,,,
36,13,,,,
36,13,,,,
36,13,,,,
41,13,,,,
41,13,,,,
41,13,,,,
41,13,,,,
41,13,,,,
41,13,,,,
50,13,,,,
50,13,,,,
50,13,,,,
50,13,,,,
50,13,,,,
50,16,,,,
60,20,,,,
60,20,,,,
60,20,,,,
60,20,,,,
60,20,,,,
60,20,,,,
50,20,,,,
50,20,,,,
50,20,,,,
50,20,,,,
50,20,,,,
50,20,,,,
58,20,,,,
58,20,,,,
58,20,,,,
58,20,,,,
58,20,,,,
58,20,,,,
58,20,,,,
58,20,,,,
58,20,,,,
58,20,,,,
58,20,,,,
58,20,,,,
52,20,,,,
52,20,,,,
52,20,,,,
52,20,,,,
52,20,,,,
52,20,,,,
47,20,,,,
47,20,,,,
47,20,,,,
47,20,,,,
47,20,,,,
47,20,,,,
39,20,,,,
39,20,,,,
39,20,,,,
39,20,,,,
39,20,,,,
39,20,,,,
34,20,,,,
34,20,,,,
34,20,,,,
34,20,,,,
34,20,,,,
34,20,,,,
50,20,,,,
50,20,,,,
50,20,,,,
50,20,,,,
50,20,,,,
50,20,,,,
84,20,,,,
84,20,,,,
84,20,,,,
84,20,,,,
84,34,,,,
84,34,,,,
84,34,,,,
84,34,,,,
84,34,,,,
84,34,,,,
84,54,,,,
84,54,,,,
65,54,,,,
65,54,,,,
65,54,,,,
65,54,,,,
65,54,,,,
65,54,,,,
54,54,,,,
54,54,,,,
54,54,,,,
54,54,,,,
54,54,,,,
54,54,,,,
50,54,,,,
50,54,,,,
50,54,,,,
50,54,,,,
50,72,,,,
50,72,,,,
47,72,,,,
47,72,,,,
47,72,,,,
47,72,,,,
47,72,,,,
47,72,,,,
63,72,,,,
63,72,,,,
63,72,,,,
63,72,,,,
63,72,,,,
63,72,,,,
69,72,,,,
69,72,,,,
69,72,,,,
69,72,,,,
69,72,,,,
69,72,,,,
47,72,,,,
47,72,,,,
47,72,,,,
47,72,,,,
47,72,,,,
47,72,,,,
47,72,,,,
47,72,,,,
47,72,,,,
47,72,,,,
47,72,,,,
47,72,,,,
136,72,,,,
136,72,,,,
136,72,,,,
136,72,,,,
136,72,,,,
136,72,,,,
236,72,,,,
236,72,,,,
236,72,,,,
236,72,,,,
236,72,,,,
236,72,,,,
249,72,,,,
249,72,,,,
249,72,,,,
249,72,,,,
249,72,,,,
249,72,,,,
247,72,,,,
247,72,,,,
247,72,,,,
247,72,,,,
247,72,,,,
247,72,,,,
256,72,,,,
256,72,,,,
256,72,,,,
256,72,,,,
256,72,,,,
256,72,,,,
219,72,,,,
219,72,,,,
219,72,,,,
219,72,,,,
219,72,,,,
219,72,,,,
230,72,,,,
230,72,,,,
230,72,,,,
230,72,,,,
230,72,,,,
230,72,,,,
189,72,,,,
189,72,,,,
189,72,,,,
189,72,,,,
189,72,,,,
189,72,,,,
193,72,,,,
193,72,,,,
193,72,,,,
193,72,,,,
193,72,,,,
193,72,,,,
163,72,,,,
163,72,,,,
163,72,,,,
163,72,,,,
163,72,,,,
163,72,,,,
158,72,,,,
158,72,,,,
158,72,,,,
158,72,,,,
158,72,,,,
158,72,,,,
158,72,,,,
158,72,,,,
158,72,,,,
158,72,,,,
158,72,,,,
158,72,,,,
228,72,,,,
228,72,,,,
228,72,,,,
228,72,,,,
228,72,,,,
228,72,,,,
219,72,,,,
219,72,,,,
219,72,,,,
219,72,,,,
219,72,,,,
219,72,,,,
206,72,,,,
206,72,,,,
206,72,,,,
206,72,,,,
206,72,,,,
206,72,,,,
160,72,,,,
160,72,,,,
160,72,,,,
160,72,,,,
160,72,,,,
160,72,,,,
173,72,,,,
173,72,,,,
173,72,,,,
173,72,,,,
173,72,,,,
173,72,,,,
193,72,,,,
193,72,,,,
193,72,,,,
193,72,,,,
193,72,,,,
193,72,,,,
173,72,,,,
173,72,,,,
173,72,,,,
173,72,,,,
173,72,,,,
173,72,,,,
186,72,,,,
186,72,,,,
186,72,,,,
186,72,,,,
186,72,,,,
186,72,,,,
213,72,,,,
213,72,,,,
213,72,,,,
213,72,,,,
213,72,,,,
213,72,,,,
180,72,,,,
180,72,,,,
180,72,,,,
180,72,,,,
180,72,,,,
180,72,,,,
193,72,,,,
193,72,,,,
193,72,,,,
193,72,,,,
193,72,,,,
193,72,,,,
204,72,,,,
204,72,,,,
204,72,,,,
204,72,,,,
204,72,,,,
204,72,,,,
184,72,,,,
184,72,,,,
184,72,,,,
184,72,,,,
184,72,,,,
184,72,,,,
197,72,,,,
197,72,,,,
197,72,,,,
197,72,,,,
197,72,,,,
197,72,,,,
158,72,,,,
158,72,,,,
158,72,,,,
158,72,,,,
158,72,,,,
158,72,,,,
154,72,,,,
154,72,,,,
154,72,,,,
154,72,,,,
154,72,,,,
154,72,,,,
171,72,,,,
171,72,,,,
171,72,,,,
171,72,,,,
171,72,,,,
171,72,,,,
136,72,,,,
136,72,,,,
136,72,,,,
136,72,,,,
136,72,,,,
136,72,,,,
104,72,,,,
104,72,,,,
104,72,,,,
104,72,,,,
104,72,,,,
104,72,,,,
95,72,,,,
95,72,,,,
95,72,,,,
95,72,,,,
95,72,,,,
95,72,,,,
126,72,,,,
126,72,,,,
126,72,,,,
126,72,,,,
126,72,,,,
126,72,,,,
134,72,,,,
134,72,,,,
134,72,,,,
134,72,,,,
134,72,,,,
134,72,,,,
173,72,,,,
173,72,,,,
173,72,,,,
173,72,,,,
173,72,,,,
173,72,,,,
169,72,,,,
169,72,,,,
169,72,,,,
169,72,,,,
169,72,,,,
169,72,,,,
156,72,,,,
156,72,,,,
156,72,,,,
156,72,,,,
156,72,,,,
156,72,,,,
173,72,,,,
173,72,,,,
173,72,,,,
173,72,,,,
173,72,,,,
173,72,,,,
189,72,,,,
189,72,,,,
189,72,,,,
189,72,,,,
189,72,,,,
189,72,,,,
158,72,,,,
158,72,,,,
158,72,,,,
158,72,,,,
158,72,,,,
158,72,,,,
160,72,,,,
160,72,,,,
160,72,,,,
160,72,,,,
160,72,,,,
160,72,,,,
145,72,,,,
145,72,,,,
145,72,,,,
145,72,,,,
145,72,,,,
145,72,,,,
126,72,,,,
126,72,,,,
126,72,,,,
126,72,,,,
126,72,,,,
126,72,,,,
84,72,,,,
84,72,,,,
84,72,,,,
84,72,,,,
84,72,,,,
84,72,,,,
84,72,,,,
84,72,,,,
84,72,,,,
84,72,,,,
84,72,,,,
84,67,,,,
76,67,,,,
76,67,,,,
76,64,,,,
76,64,,,,
76,64,,,,
76,57,,,,
84,57,,,,
84,57,,,,
84,53,,,,
84,53,,,,
84,53,,,,
84,50,,,,
95,50,,,,
95,50,,,,
95,49,,,,
95,49,,,,
95,49,,,,
95,48,,,,
84,48,,,,
84,48,,,,
84,48,,,,
84,48,,,,
84,48,,,,
84,48,,,,
100,48,,,,
100,48,,,,
100,48,,,,
100,48,,,,
100,48,,,,
100,48,,,,
130,48,,,,
130,48,,,,
130,48,,,,
130,48,,,,
130,48,,,,
130,48,,,,
123,48,,,,
123,48,,,,
123,48,,,,
123,48,,,,
123,48,,,,
123,48,,,,
117,48,,,,
117,48,,,,
117,48,,,,
117,48,,,,
117,48,,,,
117,48,,,,
93,48,,,,
93,48,,,,
93,48,,,,
93,48,,,,
93,48,,,,
93,48,,,,
69,48,,,,
69,48,,,,
69,48,,,,
69,48,,,,
69,48,,,,
69,47,,,,
78,47,,,,
78,47,,,,
78,47,,,,
78,47,,,,
78,47,,,,
78,47,,,,
54,47,,,,
54,47,,,,
54,47,,,,
54,47,,,,
54,47,,,,
54,47,,,,
60,47,,,,
60,47,,,,
60,47,,,,
60,47,,,,
60,47,,,,
60,47,,,,
43,47,,,,
43,47,,,,
43,47,,,,
43,47,,,,
43,47,,,,
43,47,,,,
43,47,,,,
43,47,,,,
43,47,,,,
43,47,,,,
43,47,,,,
43,47,,,,
39,47,,,,
39,47,,,,
39,47,,,,
39,47,,,,
39,47,,,,
39,47,,,,
39,47,,,,
39,47,,,,
39,47,,,,
39,47,,,,
39,47,,,,
39,47,,,,
43,47,,,,
43,47,,,,
43,47,,,,
43,47,,,,
43,47,,,,
43,47,,,,
34,47,,,,
34,47,,,,
34,43,,,,
34,43,,,,
34,43,,,,
34,41,,,,
47,41,,,,
47,41,,,,
47,40,,,,
47,40,,,,
47,40,,,,
47,39,,,,
41,39,,,,
41,39,,,,
41,39,,,,
41,39,,,,
41,39,,,,
41,39,,,,
58,39,,,,
58,39,,,,
58,39,,,,
58,39,,,,
58,39,,,,
58,39,,,,
69,39,,,,
69,39,,,,
69,39,,,,
69,39,,,,
69,39,,,,
69,39,,,,
54,39,,,,
54,39,,,,
54,39,,,,
54,39,,,,
54,39,,,,
54,39,,,,
71,39,,,,
71,39,,,,
71,39,,,,
71,39,,,,
71,39,,,,
71,39,,,,
60,39,,,,
60,39,,,,
60,39,,,,
60,39,,,,
60,39,,,,
60,39,,,,
52,39,,,,
52,39,,,,
52,39,,,,
52,39,,,,
52,39,,,,
52,39,,,,
45,39,,,,
45,39,,,,
45,39,,,,
45,39,,,,
45,39,,,,
45,39,,,,
45,39,,,,
45,39,,,,
45,39,,,,
45,39,,,,
45,39,,,,
45,39,,,,
47,39,,,,
47,39,,,,
47,39,,,,
47,39,,,,
47,39,,,,
47,39,,,,
45,39,,,,
45,39,,,,
45,39,,,,
45,39,,,,
45,39,,,,
45,39,,,,
50,39,,,,
50,39,,,,
50,39,,,,
50,39,,,,
50,39,,,,
50,39,,,,
43,39,,,,
43,39,,,,
43,36,,,,
43,36,,,,
43,36,,,,
43,34,,,,
41,34,,,,
41,34,,,,
41,33,,,,
41,33,,,,
41,33,,,,
41,32,,,,
30,32,,,,
30,32,,,,
30,32,,,,
30,32,,,,
30,32,,,,
30,32,,,,
47,32,,,,
47,32,,,,
47,30,,,,
47,30,,,,
47,30,,,,
47,29,,,,
50,29,,,,
50,29,,,,
50,28,,,,
50,28,,,,
50,28,,,,
50,28,,,,
65,28,,,,
65,28,,,,
65,28,,,,
65,28,,,,
65,28,,,,
65,28,,,,
69,28,,,,
69,28,,,,
69,28,,,,
69,28,,,,
69,28,,,,
69,28,,,,
60,28,,,,
60,28,,,,
60,28,,,,
60,28,,,,
60,28,,,,
60,28,,,,
76,28,,,,
76,28,,,,
76,28,,,,
76,28,,,,
76,28,,,,
76,28,,,,
71,28,,,,
71,28,,,,
71,28,,,,
71,28,,,,
71,28,,,,
71,28,,,,
63,28,,,,
63,28,,,,
63,28,,,,
63,28,,,,
63,28,,,,
63,28,,,,
60,28,,,,
60,28,,,,
60,28,,,,
60,28,,,,
60,28,,,,
60,26,,,,
47,26,,,,
47,26,,,,
47,25,,,,
47,25,,,,
47,25,,,,
47,24,,,,
47,24,,,,
47,24,,,,
47,24,,,,
47,24,,,,
47,24,,,,
47,22,,,,
67,22,,,,
67,22,,,,
67,21,,,,
67,21,,,,
67,21,,,,
67,19,,,,
63,19,,,,
63,19,,,,
63,18,,,,
63,18,,,,
63,18,,,,
63,17,,,,
56,17,,,,
56,17,,,,
56,16,,,,
56,16,,,,
56,16,,,,
56,15,,,,
52,15,,,,
52,15,,,,
52,15,,,,
52,15,,,,
52,15,,,,
52,15,,,,
43,15,,,,
43,15,,,,
43,15,,,,
43,15,,,,
43,15,,,,
43,15,,,,
54,15,,,,
54,15,,,,
54,15,,,,
54,15,,,,
54,15,,,,
54,15,,,,
36,15,,,,
36,15,,,,
36,15,,,,
36,15,,,,
36,15,,,,
36,15,,,,
36,15,,,,
36,15,,,,
36,15,,,,
36,15,,,,
36,15,,,,
36,15,,,,
41,15,,,,
41,15,,,,
41,15,,,,
41,15,,,,
41,15,,,,
41,15,,,,
32,15,,,,
32,15,,,,
32,15,,,,
32,15,,,,
32,15,,,,
32,15,,,,
26,15,,,,
26,15,,,,
26,15,,,,
26,15,,,,
26,15,,,,
26,15,,,,
36,15,,,,
36,15,,,,
36,15,,,,
36,15,,,,
36,15,,,,
36,15,,,,
43,15,,,,
43,15,,,,
43,15,,,,
43,15,,,,
43,15,,,,
43,15,,,,
43,15,,,,
43,15,,,,
43,15,,,,
43,15,,,,
43,15,,,,
43,15,,,,
32,15,,,,
32,15,,,,
32,15,,,,
32,15,,,,
32,15,,,,
32,15,,,,
36,15,,,,
36,17,,,,
36,19,,,,
36,19,,,,
36,19,,,,
36,19,,,,
47,19,,,,
47,19,,,,
47,19,,,,
47,19,,,,
47,19,,,,
47,19,,,,
43,19,,,,
43,19,,,,
43,19,,,,
43,19,,,,
43,19,,,,
43,19,,,,
32,19,,,,
32,20,,,,
32,20,,,,
32,20,,,,
32,20,,,,
32,20,,,,
30,20,,,,
30,20,,,,
30,20,,,,
30,20,,,,
30,20,,,,
30,20,,,,
36,20,,,,
36,20,,,,
36,20,,,,
36,20,,,,
36,20,,,,
36,20,,,,
54,20,,,,
54,20,,,,
54,20,,,,
54,20,,,,
54,20,,,,
54,20,,,,
63,20,,,,
63,20,,,,
63,20,,,,
63,20,,,,
63,20,,,,
63,20,,,,
73,20,,,,
73,20,,,,
73,20,,,,
73,20,,,,
73,20,,,,
73,20,,,,
52,20,,,,
52,20,,,,
52,20,,,,
52,20,,,,
52,20,,,,
52,20,,,,
73,20,,,,
73,20,,,,
73,20,,,,
73,20,,,,
73,20,,,,
73,20,,,,
69,20,,,,
69,20,,,,
69,20,,,,
69,20,,,,
69,20,,,,
69,20,,,,
67,20,,,,
67,20,,,,
67,20,,,,
67,20,,,,
67,20,,,,
67,20,,,,
54,20,,,,
54,20,,,,
54,20,,,,
54,20,,,,
54,20,,,,
54,20,,,,
84,20,,,,
84,20,,,,
84,20,,,,
84,20,,,,
84,20,,,,
84,20,,,,
50,20,,,,
50,20,,,,
50,20,,,,
50,20,,,,
50,20,,,,
50,20,,,,
71,20,,,,
71,20,,,,
71,20,,,,
71,20,,,,
71,20,,,,
71,20,,,,
93,20,,,,
93,20,,,,
93,20,,,,
93,20,,,,
93,20,,,,
93,22,,,,
80,22,,,,
80,22,,,,
80,22,,,,
80,22,,,,
80,22,,,,
80,25,,,,
60,25,,,,
60,25,,,,
60,25,,,,
60,25,,,,
60,25,,,,
60,25,,,,
60,25,,,,
60,25,,,,
60,25,,,,
60,25,,,,
60,27,,,,
60,66,,,,
60,66,,,,
60,66,,,,
60,66,,,,
60,66,,,,
60,66,,,,
60,66,,,,
76,66,,,,
76,66,,,,
76,66,,,,
76,66,,,,
76,66,,,,
76,66,,,,
71,66,,,,
71,66,,,,
71,66,,,,
71,66,,,,
71,66,,,,
71,66,,,,
50,66,,,,
50,67,,,,
50,67,,,,
50,67,,,,
50,67,,,,
50,67,,,,
36,67,,,,
36,67,,,,
36,67,,,,
36,67,,,,
36,67,,,,
36,67,,,,
26,67,,,,
26,67,,,,
26,67,,,,
26,67,,,,
26,67,,,,
26,67,,,,
41,67,,,,
41,67,,,,
41,67,,,,
41,67,,,,
41,67,,,,
41,67,,,,
32,67,,,,
32,67,,,,
32,67,,,,
32,67,,,,
32,67,,,,
32,67,,,,
54,67,,,,
54,67,,,,
54,67,,,,
54,67,,,,
54,67,,,,
54,67,,,,
78,67,,,,
78,67,,,,
78,67,,,,
78,67,,,,
78,67,,,,
78,67,,,,
71,67,,,,
71,67,,,,
71,67,,,,
71,67,,,,
71,67,,,,
71,67,,,,
104,67,,,,
104,67,,,,
104,67,,,,
104,67,,,,
104,67,,,,
104,67,,,,
121,67,,,,
121,67,,,,
121,67,,,,
121,67,,,,
121,67,,,,
121,67,,,,
106,67,,,,
106,67,,,,
106,67,,,,
106,67,,,,
106,67,,,,
106,67,,,,
215,67,,,,
215,67,,,,
215,67,,,,
215,67,,,,
215,67,,,,
215,67,,,,
254,67,,,,
254,67,,,,
254,67,,,,
254,67,,,,
254,67,,,,
254,67,,,,
260,67,,,,
260,67,,,,
260,67,,,,
260,67,,,,
260,67,,,,
260,67,,,,
300,67,,,,
300,67,,,,
300,67,,,,
300,67,,,,
300,67,,,,
300,67,,,,
273,67,,,,
273,67,,,,
273,67,,,,
273,67,,,,
273,67,,,,
273,67,,,,
265,67,,,,
265,67,,,,
265,67,,,,
265,67,,,,
265,67,,,,
265,67,,,,
236,67,,,,
236,67,,,,
236,67,,,,
236,67,,,,
236,67,,,,
236,67,,,,
186,67,,,,
186,67,,,,
186,67,,,,
186,67,,,,
186,67,,,,
186,67,,,,
197,67,,,,
197,67,,,,
197,67,,,,
197,67,,,,
197,67,,,,
197,67,,,,
204,67,,,,
204,67,,,,
204,67,,,,
204,67,,,,
204,67,,,,
204,67,,,,
191,67,,,,
191,67,,,,
191,67,,,,
191,67,,,,
191,67,,,,
191,67,,,,
180,67,,,,
180,67,,,,
180,67,,,,
180,67,,,,
180,67,,,,
180,67,,,,
152,67,,,,
152,67,,,,
152,67,,,,
152,67,,,,
152,67,,,,
152,67,,,,
156,67,,,,
156,67,,,,
156,67,,,,
156,67,,,,
156,67,,,,
156,67,,,,
147,67,,,,
147,67,,,,
147,67,,,,
147,67,,,,
147,67,,,,
147,67,,,,
132,67,,,,
132,67,,,,
132,67,,,,
132,67,,,,
132,67,,,,
132,67,,,,
97,67,,,,
97,67,,,,
97,67,,,,
97,67,,,,
97,67,,,,
97,67,,,,
78,67,,,,
78,67,,,,
78,67,,,,
78,67,,,,
78,67,,,,
78,67,,,,
60,67,,,,
60,67,,,,
60,67,,,,
60,67,,,,
60,67,,,,
60,67,,,,
84,67,,,,
84,67,,,,
84,67,,,,
84,67,,,,
84,67,,,,
84,67,,,,
167,67,,,,
167,67,,,,
167,67,,,,
167,67,,,,
167,67,,,,
167,67,,,,
213,67,,,,
213,67,,,,
213,67,,,,
213,67,,,,
213,67,,,,
213,67,,,,
226,67,,,,
226,67,,,,
226,67,,,,
226,67,,,,
226,67,,,,
226,67,,,,
241,67,,,,
241,67,,,,
241,67,,,,
241,67,,,,
241,67,,,,
241,67,,,,
232,67,,,,
232,67,,,,
232,67,,,,
232,67,,,,
232,67,,,,
232,67,,,,
200,67,,,,
200,67,,,,
200,67,,,,
200,67,,,,
200,67,,,,
200,67,,,,
182,67,,,,
182,67,,,,
182,67,,,,
182,67,,,,
182,67,,,,
182,67,,,,
206,67,,,,
206,67,,,,
206,67,,,,
206,67,,,,
206,67,,,,
206,67,,,,
208,67,,,,
208,67,,,,
208,67,,,,
208,67,,,,
208,67,,,,
208,67,,,,
210,67,,,,
210,67,,,,
210,67,,,,
210,67,,,,
210,67,,,,
210,67,,,,
173,67,,,,
173,67,,,,
173,67,,,,
173,67,,,,
173,67,,,,
173,67,,,,
191,67,,,,
191,67,,,,
191,67,,,,
191,67,,,,
191,67,,,,
191,67,,,,
163,67,,,,
163,67,,,,
163,67,,,,
163,67,,,,
163,67,,,,
163,67,,,,
147,67,,,,
147,67,,,,
147,67,,,,
147,67,,,,
147,67,,,,
147,67,,,,
130,67,,,,
130,67,,,,
130,67,,,,
130,67,,,,
130,67,,,,
130,67,,,,
93,67,,,,
93,67,,,,
93,67,,,,
93,67,,,,
93,67,,,,
93,67,,,,
80,67,,,,
80,67,,,,
80,67,,,,
80,67,,,,
80,67,,,,
80,67,,,,
76,67,,,,
76,67,,,,
76,67,,,,
76,67,,,,
76,67,,,,
76,67,,,,
73,67,,,,
73,67,,,,
73,67,,,,
73,67,,,,
73,67,,,,
73,67,,,,
78,67,,,,
78,67,,,,
78,65,,,,
78,65,,,,
78,65,,,,
78,64,,,,
91,64,,,,
91,64,,,,
91,64,,,,
91,64,,,,
91,64,,,,
91,63,,,,
84,63,,,,
84,63,,,,
84,56,,,,
84,56,,,,
84,56,,,,
84,52,,,,
63,52,,,,
63,52,,,,
63,50,,,,
63,50,,,,
63,50,,,,
63,49,,,,
95,49,,,,
95,49,,,,
95,49,,,,
95,49,,,,
95,49,,,,
95,49,,,,
86,49,,,,
86,49,,,,
86,49,,,,
86,49,,,,
86,49,,,,
86,49,,,,
69,49,,,,
69,49,,,,
69,24,,,,
69,24,,,,
69,24,,,,
69,12,,,,
60,12,,,,
60,12,,,,
60,6,,,,
60,6,,,,
60,6,,,,
60,3,,,,
45,3,,,,
45,3,,,,
45,1,,,,
45,1,,,,
45,1,,,,
45,0,,,,
58,0,,,,
58,0,,,,
58,0,,,,
58,0,,,,
58,0,,,,
58,0,,,,
32,0,,,,
32,0,,,,
32,0,,,,
32,0,,,,
32,0,,,,
32,0,,,,
28,0,,,,
28,0,,,,
28,,,,,
28,,,,,
28,,,,,
28,,,,,
34,,,,,
34,,,,,
34,,,,,
34,,,,,
34,,,,,
34,,,,,
36,,,,,
36,,,,,
36,,,,,
36,,,,,
36,,,,,
36,,,,,
21,,,,,
21,,,,,
21,,,,,
21,,,,,
21,,,,,
21,,,,,
28,,,,,
28,,,,,
28,,,,,
28,,,,,
28,,,,,
28,,,,,
39,,,,,
39,,,,,
39,,,,,
39,,,,,
39,,,,,
39,,,,,
26,,,,,
26,,,,,
26,,,,,
26,,,,,
26,,,,,
26,,,,,
21,,,,,
21,,,,,
21,,,,,
21,,,,,
21,,,,,
21,,,,,
23,,,,,
23,,,,,
23,,,,,
23,,,,,
23,,,,,
23,,,,,
28,,,,,
28,,,,,
28,,,,,
28,,,,,
28,,,,,
28,,,,,
28,,,,,
28,,,,,
28,,,,,
28,,,,,
28,,,,,
28,,,,,
19,,,,,
19,,,,,
19,,,,,
19,,,,,
19,,,,,
19,,,,,
15,,,,,
15,,,,,
15,,,,,
15,,,,,
15,,,,,
15,,,,,
